kunde_id_1,kunde_id_2,relasjon
K109169,K118951,husstand
K113456,K129951,husstand
K107945,K121688,husstand
K131775,K129536,medlaantaker
K109062,K101172,husstand
K134151,K120363,medlaantaker
K118121,K104877,husstand
K108182,K133411,husstand
K118465,K117516,husstand
K137342,K125374,medlaantaker
K110526,K100307,husstand
K107641,K110073,medlaantaker
K121236,K128106,husstand
K136687,K137744,husstand
K108270,K119419,husstand
K108213,K101903,husstand
K138702,K124090,husstand
K126898,K115403,husstand
K135762,K137357,husstand
K101953,K100687,husstand
K134735,K123907,husstand
K129949,K133909,husstand
K103538,K105285,husstand
K100263,K117648,husstand
K126979,K101952,husstand
K138580,K128675,husstand
K131228,K114176,medlaantaker
K102085,K109475,husstand
K132406,K117017,husstand
K108924,K134511,husstand
K133525,K134547,husstand
K112928,K121659,husstand
K119033,K121249,husstand
K100429,K102315,husstand
K121646,K117338,husstand
K133296,K136942,medlaantaker
K116672,K123108,husstand
K123179,K138090,husstand
K126736,K105573,husstand
K105607,K104469,husstand
K123696,K136141,husstand
K104644,K101281,husstand
K111124,K126320,medlaantaker
K111326,K131187,husstand
K131784,K120331,husstand
K129801,K136399,husstand
K126668,K125667,husstand
K109582,K103671,medlaantaker
K135721,K119073,husstand
K105844,K106591,husstand
K107138,K100622,husstand
K133975,K115462,husstand
K124690,K107891,medlaantaker
K114488,K102341,husstand
K108595,K100330,husstand
K125809,K134680,medlaantaker
K139021,K116165,medlaantaker
K105458,K104333,husstand
K103379,K112020,husstand
K122009,K139201,husstand
K125343,K130284,medlaantaker
K107510,K100197,husstand
K103135,K131192,husstand
K115241,K100615,husstand
K103376,K131778,husstand
K106554,K106437,husstand
K120774,K132426,medlaantaker
K111323,K130420,husstand
K107025,K112182,husstand
K122593,K109532,husstand
K134632,K139614,husstand
K124719,K103514,husstand
K135223,K114416,husstand
K104467,K105158,husstand
K110262,K121616,husstand
K135182,K100682,husstand
K100801,K113175,husstand
K129553,K111890,medlaantaker
K136174,K131875,husstand
K131202,K123194,husstand
K130545,K130139,medlaantaker
K111162,K130849,husstand
K135280,K102342,husstand
K119647,K128410,husstand
K136349,K114255,husstand
K108183,K122920,husstand
K129923,K137506,husstand
K121538,K121254,husstand
K119795,K114980,husstand
K125050,K139330,husstand
K127616,K111446,medlaantaker
K104418,K126633,medlaantaker
K139084,K126175,husstand
K103658,K136461,medlaantaker
K106699,K131422,medlaantaker
K119657,K101371,husstand
K130827,K118584,husstand
K108803,K100498,husstand
K133255,K127345,husstand
K108542,K120506,husstand
K107822,K121517,medlaantaker
K106573,K126848,husstand
K102029,K101813,husstand
K108359,K105797,medlaantaker
K133745,K117712,husstand
K101743,K111437,husstand
K111884,K131225,husstand
K107162,K108191,husstand
K118092,K108521,husstand
K100259,K104708,husstand
K130581,K115105,husstand
K120697,K113929,husstand
K136980,K119279,husstand
K112131,K124320,husstand
K132355,K121068,medlaantaker
K109763,K135454,husstand
K117465,K103801,husstand
K127527,K107625,husstand
K130026,K130750,husstand
K105576,K134259,husstand
K123944,K125413,husstand
K106988,K130493,husstand
K100114,K134867,husstand
K133811,K107381,husstand
K133357,K102277,husstand
K122844,K107965,husstand
K108357,K120335,medlaantaker
K116505,K105776,medlaantaker
K136254,K110516,medlaantaker
K120535,K121455,husstand
K109910,K107941,husstand
K104733,K118758,husstand
K135148,K119942,husstand
K119989,K132109,husstand
K124428,K115523,medlaantaker
K134998,K105963,husstand
K104234,K132973,husstand
K114978,K139869,husstand
K139175,K107455,husstand
K132747,K112531,medlaantaker
K113856,K127941,husstand
K136929,K135426,husstand
K132487,K131285,husstand
K133670,K110646,husstand
K129739,K128655,husstand
K112958,K109135,medlaantaker
K132402,K100601,husstand
K128694,K110811,husstand
K115051,K126598,medlaantaker
K130807,K132373,medlaantaker
K113923,K119340,husstand
K118175,K138263,medlaantaker
K120467,K128970,husstand
K121766,K134018,husstand
K125428,K132979,husstand
K123040,K104339,husstand
K119875,K137477,husstand
K130725,K113233,husstand
K138756,K134452,husstand
K134835,K109721,medlaantaker
K135420,K118995,husstand
K108743,K139608,medlaantaker
K107481,K131099,medlaantaker
K119252,K127002,medlaantaker
K131420,K127581,husstand
K121770,K128825,husstand
K114696,K112817,husstand
K110553,K114695,husstand
K137602,K103873,husstand
K111565,K128540,husstand
K100807,K134301,husstand
K119758,K137993,husstand
K116291,K130980,husstand
K101599,K114083,husstand
K128258,K137468,husstand
K106537,K137382,husstand
K125969,K127340,husstand
K130148,K138226,husstand
K133279,K106346,husstand
K135537,K117623,husstand
K136753,K129231,husstand
K129635,K102458,husstand
K103081,K118797,husstand
K129749,K109576,medlaantaker
K134231,K115030,medlaantaker
K124845,K121853,medlaantaker
K134569,K130343,medlaantaker
K137626,K115849,husstand
K104314,K103469,husstand
K116484,K124595,husstand
K139199,K119324,husstand
K105731,K111619,medlaantaker
K130782,K129899,husstand
K134936,K113690,husstand
K120840,K131442,husstand
K100748,K123813,husstand
K133698,K109159,husstand
K114606,K100771,husstand
K137709,K123044,medlaantaker
K115598,K104580,husstand
K133953,K127138,medlaantaker
K107327,K131456,husstand
K106447,K107499,husstand
K114627,K126136,medlaantaker
K110206,K111115,medlaantaker
K122734,K137154,husstand
K118971,K126360,husstand
K125216,K132986,medlaantaker
K114560,K134277,husstand
K114455,K137283,medlaantaker
K123281,K100098,husstand
K107633,K134957,husstand
K133004,K117139,husstand
K124963,K131326,husstand
K106770,K123893,medlaantaker
K119221,K123628,husstand
K127796,K126599,husstand
K118882,K115070,husstand
K103443,K131490,husstand
K120534,K111882,husstand
K122066,K132864,husstand
K126746,K123750,husstand
K100830,K136317,husstand
K129020,K109158,medlaantaker
K106890,K112467,husstand
K106826,K102215,husstand
K100836,K121967,husstand
K112126,K117072,husstand
K134773,K127071,husstand
K125134,K131595,husstand
K102962,K119055,husstand
K112093,K134731,medlaantaker
K129936,K123193,husstand
K138149,K119418,husstand
K131401,K108003,husstand
K109656,K127553,medlaantaker
K103263,K125032,husstand
K117763,K120451,husstand
K120728,K101489,husstand
K124425,K128526,husstand
K104592,K104519,husstand
K102713,K119945,husstand
K110749,K134091,husstand
K136269,K121270,medlaantaker
K123591,K106047,husstand
K107188,K131427,medlaantaker
K125941,K125966,husstand
K128286,K120513,husstand
K138232,K105270,husstand
K108520,K129612,husstand
K114616,K114634,husstand
K127284,K101890,medlaantaker
K102365,K124055,husstand
K120173,K132486,husstand
K139544,K104432,medlaantaker
K105822,K139538,husstand
K124358,K136821,husstand
K120265,K112633,medlaantaker
K132131,K115028,husstand
K134210,K104731,husstand
K117100,K131217,husstand
K115827,K108498,medlaantaker
K119360,K106605,husstand
K137325,K136439,husstand
K108699,K118847,husstand
K137316,K101356,husstand
K129734,K124930,husstand
K128140,K114507,husstand
K108770,K135018,husstand
K116835,K124494,husstand
K107405,K110367,husstand
K102740,K131325,husstand
K106798,K101157,husstand
K115698,K110361,husstand
K128167,K116233,husstand
K109050,K132837,husstand
K107803,K137177,husstand
K105404,K120177,husstand
K127460,K113945,husstand
K137080,K108957,husstand
K118638,K131207,husstand
K113208,K130186,husstand
K108029,K132306,husstand
K109830,K126254,husstand
K134002,K118062,husstand
K133193,K134388,husstand
K113976,K130163,husstand
K109922,K100228,medlaantaker
K107450,K129460,husstand
K128892,K108195,husstand
K132782,K120059,medlaantaker
K122237,K114843,husstand
K120129,K130122,medlaantaker
K125768,K133282,husstand
K121794,K124665,husstand
K115791,K114087,husstand
K116028,K108494,medlaantaker
K106186,K134821,husstand
K111941,K121407,husstand
K111000,K130051,husstand
K104897,K104522,husstand
K103020,K117063,husstand
K103278,K117053,husstand
K100950,K128143,medlaantaker
K103949,K111709,medlaantaker
K108811,K115109,husstand
K111257,K136016,husstand
K137421,K102055,husstand
K118545,K117911,husstand
K128236,K109036,medlaantaker
K112359,K130695,medlaantaker
K114892,K134415,husstand
K110166,K132539,medlaantaker
K124477,K125275,husstand
K120864,K112163,husstand
K103462,K109589,husstand
K124029,K124513,husstand
K108475,K131774,medlaantaker
K102828,K135902,medlaantaker
K120342,K112104,husstand
K133552,K106012,medlaantaker
K126989,K114798,husstand
K101533,K113981,medlaantaker
K105835,K102883,husstand
K111469,K107441,medlaantaker
K118221,K136923,husstand
K129284,K130549,husstand
K106746,K118609,husstand
K133425,K121313,husstand
K122229,K122170,husstand
K127308,K115146,husstand
K120223,K131362,husstand
K102609,K130801,husstand
K122026,K101259,husstand
K121868,K128104,medlaantaker
K100143,K107075,husstand
K133430,K139425,medlaantaker
K110158,K123583,medlaantaker
K109008,K115380,husstand
K124148,K111954,husstand
K132689,K121402,husstand
K124909,K130936,husstand
K112445,K105328,husstand
K110942,K110296,husstand
K137230,K139572,husstand
K103475,K133295,husstand
K137753,K111289,husstand
K130705,K125697,husstand
K118063,K125827,husstand
K138074,K115590,husstand
K113531,K106341,husstand
K111919,K119385,medlaantaker
K130616,K108911,husstand
K129755,K118303,husstand
K125335,K106483,husstand
K108841,K128714,husstand
K109364,K134820,husstand
K124256,K135773,husstand
K133917,K120685,husstand
K135076,K130432,husstand
K104952,K120762,husstand
K135517,K112029,husstand
K126902,K132241,husstand
K139307,K138400,husstand
K125461,K137256,husstand
K138851,K139799,husstand
K106191,K137770,medlaantaker
K110416,K130508,husstand
K124563,K102701,husstand
K113261,K123616,husstand
K106621,K105614,husstand
K129228,K126291,husstand
K130823,K113730,husstand
K121611,K122970,husstand
K127687,K109550,husstand
K119866,K127091,medlaantaker
K137383,K103855,medlaantaker
K129353,K134934,husstand
K111975,K128213,husstand
K111898,K139805,husstand
K114023,K139795,husstand
K108956,K101686,husstand
K139576,K110953,medlaantaker
K131068,K104680,husstand
K113980,K128338,husstand
K126968,K133748,husstand
K101840,K120236,husstand
K107239,K104347,husstand
K118852,K123797,husstand
K101057,K117196,husstand
K133497,K134459,husstand
K130081,K113597,husstand
K106418,K125091,husstand
K110294,K121507,husstand
K103153,K108011,husstand
K129418,K132876,husstand
K122948,K109617,husstand
K104287,K108260,husstand
K121343,K139336,husstand
K105894,K116434,husstand
K125054,K101238,husstand
K105203,K130609,medlaantaker
K122309,K130097,husstand
K127318,K122596,husstand
K111363,K135333,husstand
K139288,K127808,husstand
K133902,K102776,medlaantaker
K116074,K130205,husstand
K100251,K115196,husstand
K101777,K109499,medlaantaker
K102858,K112562,husstand
K124152,K121380,husstand
K124225,K119949,husstand
K106408,K119692,husstand
K121185,K122136,husstand
K129712,K102355,husstand
K121122,K128520,husstand
K133901,K126070,medlaantaker
K105816,K109037,husstand
K108363,K117118,husstand
K131533,K127341,husstand
K129363,K139566,medlaantaker
K123903,K108136,husstand
K120272,K104158,husstand
K114244,K137038,husstand
K139213,K128467,husstand
K138672,K124122,husstand
K107101,K116203,husstand
K120819,K126568,husstand
K106489,K110577,husstand
K125833,K130110,husstand
K137207,K134737,medlaantaker
K116377,K100974,husstand
K117520,K135875,husstand
K129124,K133114,medlaantaker
K130570,K104929,medlaantaker
K134165,K119953,husstand
K139186,K125755,medlaantaker
K116099,K108257,husstand
K117009,K111433,medlaantaker
K103521,K137041,husstand
K110187,K112231,medlaantaker
K115591,K121232,medlaantaker
K115900,K138478,medlaantaker
K116442,K105736,husstand
K127008,K104930,husstand
K107038,K125255,medlaantaker
K128722,K137437,husstand
K120868,K114027,medlaantaker
K135372,K119053,husstand
K100522,K112552,husstand
K103353,K132485,husstand
K116209,K117040,husstand
K135877,K138625,husstand
K106179,K136378,husstand
K123039,K125903,medlaantaker
K122112,K114748,medlaantaker
K114100,K128623,husstand
K110894,K116182,husstand
K116963,K128193,husstand
K109241,K133037,husstand
K128025,K125751,husstand
K111616,K129856,medlaantaker
K136203,K118431,medlaantaker
K131451,K109519,husstand
K139172,K128857,husstand
K109194,K129199,husstand
K105162,K128432,medlaantaker
K139873,K115295,husstand
K107217,K117821,husstand
K114268,K113417,husstand
K102036,K114081,medlaantaker
K134222,K109904,husstand
K122670,K131024,husstand
K137894,K124091,medlaantaker
K120948,K126762,husstand
K123413,K119201,husstand
K109793,K125727,husstand
K132422,K136831,husstand
K138062,K139864,husstand
K117741,K108167,husstand
K118909,K135261,husstand
K116042,K125282,husstand
K105455,K118414,husstand
K125474,K108081,husstand
K110862,K132437,medlaantaker
K109250,K139410,husstand
K129264,K120640,husstand
K134196,K133997,husstand
K104913,K135149,husstand
K101467,K134714,husstand
K128932,K127560,husstand
K106349,K124303,husstand
K101807,K119913,husstand
K123209,K131076,husstand
K133910,K134101,husstand
K123326,K137456,husstand
K115546,K133212,medlaantaker
K101099,K100096,husstand
K114251,K101786,husstand
K130738,K134750,husstand
K124206,K103245,husstand
K112649,K104559,husstand
K117940,K116139,husstand
K138350,K115558,husstand
K111320,K137377,husstand
K108308,K133863,husstand
K138547,K101944,husstand
K130078,K100579,husstand
K104453,K126559,husstand
K130536,K131301,husstand
K136693,K108869,husstand
K106494,K128483,medlaantaker
K123572,K102257,husstand
K135980,K108619,medlaantaker
K134281,K131266,husstand
K110537,K128936,husstand
K135747,K103545,husstand
K120441,K121208,medlaantaker
K137531,K121415,husstand
K117796,K104501,husstand
K110035,K102825,husstand
K108005,K120213,husstand
K130249,K128033,medlaantaker
K118538,K131294,husstand
K116647,K137944,husstand
K130537,K101776,medlaantaker
K138725,K112945,husstand
K135882,K124440,husstand
K105380,K137562,medlaantaker
K129775,K138624,husstand
K112364,K130145,husstand
K124061,K102618,husstand
K134823,K115124,husstand
K132464,K122314,husstand
K108103,K115488,husstand
K111275,K132435,husstand
K119189,K124748,medlaantaker
K111707,K133765,husstand
K123016,K110144,husstand
K113077,K105147,medlaantaker
K116224,K117377,husstand
K134539,K117006,husstand
K135754,K128717,husstand
K117861,K104844,husstand
K100943,K125812,husstand
K135045,K121665,husstand
K100331,K131491,husstand
K122161,K124047,husstand
K127237,K122728,husstand
K130586,K122027,husstand
K111391,K128951,husstand
K101150,K131786,medlaantaker
K109280,K121440,husstand
K101857,K139081,husstand
K119435,K137577,husstand
K108187,K121372,medlaantaker
K128924,K135435,husstand
K132690,K126945,husstand
K121644,K129790,husstand
K123674,K126492,husstand
K119137,K103260,husstand
K112010,K101783,husstand
K132122,K117689,husstand
K113328,K100553,husstand
K114592,K116523,husstand
K101607,K134402,husstand
K113467,K112983,husstand
K127140,K133954,husstand
K101253,K121880,husstand
K108633,K131575,medlaantaker
K112047,K131756,husstand
K130086,K132270,husstand
K137033,K116107,medlaantaker
K133686,K107300,husstand
K138282,K107949,husstand
K135850,K121722,husstand
K119791,K118131,medlaantaker
K102979,K115513,husstand
K132677,K102955,medlaantaker
K120478,K117396,husstand
K109221,K121663,husstand
K102666,K100320,husstand
K116293,K133798,medlaantaker
K121785,K138721,husstand
K131965,K137328,husstand
K109654,K130204,husstand
K113312,K125881,husstand
K114287,K119596,husstand
K116774,K125544,husstand
K127199,K107424,husstand
K103361,K124527,medlaantaker
K139100,K109845,husstand
K128042,K119250,husstand
K131765,K126443,husstand
K125072,K101579,husstand
K119563,K134289,medlaantaker
K114741,K122784,medlaantaker
K123846,K135196,husstand
K138819,K137705,husstand
K139284,K125084,husstand
K124550,K108867,husstand
K136164,K101362,husstand
K135659,K133225,medlaantaker
K111507,K132745,husstand
K124297,K102425,husstand
K122396,K104051,medlaantaker
K113038,K128774,husstand
K139969,K103736,medlaantaker
K101011,K111620,medlaantaker
K134258,K122345,husstand
K109916,K121271,husstand
K119228,K138383,husstand
K133606,K113213,husstand
K139384,K105668,husstand
K122611,K104077,husstand
K119518,K135694,husstand
K103992,K137301,husstand
K109536,K104159,husstand
K108701,K105022,husstand
K107774,K104356,husstand
K134976,K120358,husstand
K108496,K123118,husstand
K120816,K122043,husstand
K126997,K121178,husstand
K111840,K126757,husstand
K122958,K115833,husstand
K103880,K116985,husstand
K127437,K102769,husstand
K135785,K106886,husstand
K115880,K130376,medlaantaker
K110566,K114077,medlaantaker
K111303,K133380,medlaantaker
K131791,K132567,husstand
K123595,K112150,husstand
K125766,K122754,husstand
K122963,K100079,husstand
K124826,K106001,husstand
K118470,K123525,medlaantaker
K134006,K121028,husstand
K132784,K125700,husstand
K121359,K109575,husstand
K114743,K127153,husstand
K109297,K101162,medlaantaker
K129244,K114174,husstand
K129685,K113157,husstand
K125908,K122797,husstand
K128026,K136331,husstand
K119961,K132473,husstand
K126251,K108079,husstand
K100043,K138633,husstand
K116212,K134578,husstand
K122873,K139239,husstand
K122186,K108721,medlaantaker
K121112,K123445,husstand
K116640,K103393,husstand
K109570,K103875,medlaantaker
K114119,K108071,medlaantaker
K101676,K133804,husstand
K120664,K131219,husstand
K115885,K114042,husstand
K116450,K108714,husstand
K136132,K135558,husstand
K123303,K117498,medlaantaker
K128545,K131554,husstand
K136171,K132781,husstand
K127137,K113724,husstand
K101116,K125152,husstand
K109184,K119528,husstand
K114724,K128759,husstand
K100353,K102433,husstand
K117394,K109035,husstand
K127174,K124570,husstand
K114022,K104490,husstand
K129766,K104210,husstand
K129631,K113235,medlaantaker
K117391,K110072,husstand
K138971,K114247,medlaantaker
K101210,K112452,medlaantaker
K119776,K136552,husstand
K107307,K131254,husstand
K125142,K139581,husstand
K108198,K131863,husstand
K114508,K101886,husstand
K103296,K125386,husstand
K127847,K124640,husstand
K129290,K103568,husstand
K103322,K111046,husstand
K130610,K133575,medlaantaker
K115802,K120151,husstand
K111985,K120672,husstand
K121318,K124432,medlaantaker
K122494,K122006,husstand
K103053,K110091,husstand
K103132,K106157,husstand
K100863,K102174,husstand
K127260,K126981,husstand
K108573,K116106,husstand
K126324,K120618,husstand
K132975,K111341,medlaantaker
K101915,K135128,husstand
K129391,K112508,medlaantaker
K123550,K122763,husstand
K119911,K119349,medlaantaker
K135186,K132161,husstand
K106181,K115312,husstand
K135384,K129778,medlaantaker
K116036,K106531,husstand
K130438,K131290,husstand
K103271,K112586,medlaantaker
K115986,K105359,medlaantaker
K126711,K121491,husstand
K114424,K135459,husstand
K100564,K119110,husstand
K124859,K119448,husstand
K122875,K135652,medlaantaker
K101101,K113436,medlaantaker
K132181,K125701,husstand
K125472,K120306,husstand
K122230,K110375,husstand
K139211,K105967,medlaantaker
K126115,K123046,medlaantaker
K135210,K127329,husstand
K133885,K120256,husstand
K116175,K136550,husstand
K103863,K119298,medlaantaker
K111351,K105919,medlaantaker
K132314,K100501,husstand
K111150,K118042,husstand
K137788,K116215,husstand
K111611,K106304,husstand
K120095,K130864,husstand
K136529,K124673,husstand
K135723,K133211,husstand
K119304,K135291,husstand
K114062,K116125,medlaantaker
K107028,K132726,husstand
K109846,K119136,medlaantaker
K131280,K107761,husstand
K132718,K125378,husstand
K110123,K112814,husstand
K129397,K136428,husstand
K123280,K105291,husstand
K106287,K103975,husstand
K121997,K137927,husstand
K112673,K136145,medlaantaker
K123941,K120002,husstand
K100438,K130950,husstand
K139274,K121078,husstand
K138923,K104081,medlaantaker
K136182,K136276,husstand
K115079,K101135,husstand
K139229,K109323,husstand
K100942,K119605,medlaantaker
K117906,K136850,medlaantaker
K105261,K106908,husstand
K134552,K127565,husstand
K139540,K121548,husstand
K102520,K116872,husstand
K118940,K130518,husstand
K137888,K115977,husstand
K124637,K113173,husstand
K105901,K124860,husstand
K133787,K102121,husstand
K132947,K129837,medlaantaker
K139347,K113014,medlaantaker
K118148,K103797,medlaantaker
K105399,K135266,husstand
K139838,K109019,husstand
K122525,K104392,medlaantaker
K108107,K139465,husstand
K100964,K106922,husstand
K118421,K125475,husstand
K130198,K120791,husstand
K110120,K121763,husstand
K129900,K130439,medlaantaker
K136835,K107921,husstand
K114864,K122019,medlaantaker
K130318,K117336,husstand
K132417,K124776,husstand
K139421,K101424,husstand
K138857,K133505,medlaantaker
K115098,K134494,husstand
K104463,K139618,husstand
K113634,K123543,husstand
K100753,K127038,husstand
K112335,K119914,husstand
K102412,K131165,husstand
K121412,K134247,husstand
K131890,K139503,medlaantaker
K113200,K134804,husstand
K136618,K109882,medlaantaker
K137350,K138718,husstand
K128929,K122587,husstand
K114737,K107900,husstand
K115348,K100662,husstand
K132170,K131469,husstand
K138937,K128828,medlaantaker
K137057,K101495,husstand
K102702,K118676,medlaantaker
K135643,K133421,husstand
K111618,K119038,husstand
K118136,K137699,husstand
K131938,K129898,husstand
K115888,K118193,husstand
K103176,K119726,husstand
K124841,K106017,medlaantaker
K133451,K113259,husstand
K127020,K113630,husstand
K108222,K113495,husstand
K115123,K131820,husstand
K109828,K110220,husstand
K122205,K116511,husstand
K125717,K127183,husstand
K127806,K121103,medlaantaker
K117364,K104236,husstand
K116884,K106545,husstand
K127604,K124496,husstand
K100046,K134951,husstand
K124962,K118057,husstand
K106235,K119730,husstand
K103496,K129260,medlaantaker
K105980,K130697,husstand
K106153,K116776,medlaantaker
K123218,K112469,husstand
K135879,K127355,husstand
K124839,K119809,husstand
K107203,K122792,medlaantaker
K109175,K128402,husstand
K136685,K122713,husstand
K126971,K110948,husstand
K126117,K123520,husstand
K134531,K124884,husstand
K105368,K114775,husstand
K115239,K115137,medlaantaker
K130274,K108880,husstand
K104484,K134970,husstand
K133494,K133387,husstand
K113972,K101218,husstand
K129314,K136974,husstand
K139597,K110208,husstand
K128071,K113919,medlaantaker
K100387,K110471,husstand
K135270,K102362,husstand
K133133,K117419,husstand
K130475,K123116,husstand
K104426,K135248,medlaantaker
K136162,K103186,husstand
K109292,K118748,husstand
K113030,K135172,husstand
K117722,K101196,medlaantaker
K127231,K135028,husstand
K130446,K134368,medlaantaker
K105409,K129251,husstand
K122711,K112620,husstand
K130142,K123749,husstand
K129632,K103822,medlaantaker
K108519,K109139,medlaantaker
K115415,K107790,husstand
K126593,K131380,husstand
K119005,K116654,husstand
K109601,K117711,husstand
K108756,K138726,medlaantaker
K128473,K118372,husstand
K137614,K102503,husstand
K123444,K121604,husstand
K110760,K139954,husstand
K134421,K119352,husstand
K102554,K138925,husstand
K126263,K116506,husstand
K107220,K131460,medlaantaker
K122242,K100797,medlaantaker
K111267,K121508,husstand
K120565,K106054,husstand
K118625,K105805,husstand
K104988,K101791,husstand
K102499,K116351,husstand
K119867,K117231,husstand
K127036,K126478,medlaantaker
K115237,K116292,husstand
K122562,K120097,husstand
K133326,K102511,husstand
K113889,K121135,husstand
K137067,K101287,husstand
K109905,K106918,husstand
K123534,K130513,husstand
K123931,K126094,husstand
K131819,K113416,husstand
K104608,K124356,medlaantaker
K100295,K131953,medlaantaker
K123233,K118941,husstand
K135674,K103927,medlaantaker
K127519,K131036,medlaantaker
K137169,K120139,medlaantaker
K135203,K109007,husstand
K135620,K118860,husstand
K106779,K118306,husstand
K107860,K131963,medlaantaker
K116073,K116610,husstand
K103139,K117506,husstand
K111595,K125886,husstand
K104049,K111409,husstand
K125177,K138419,husstand
K133477,K131982,husstand
K121781,K112287,husstand
K133228,K135007,husstand
K118013,K134430,husstand
K137241,K112208,husstand
K130394,K126292,husstand
K106140,K117503,husstand
K135339,K109419,husstand
K101528,K125572,husstand
K126649,K116037,husstand
K126542,K104447,husstand
K130563,K135493,husstand
K120074,K130302,husstand
K109645,K104995,husstand
K112501,K105829,husstand
K116267,K111811,husstand
K105780,K114199,husstand
K131383,K121715,husstand
K113859,K100372,medlaantaker
K108069,K104491,husstand
K132542,K136008,husstand
K133812,K132755,husstand
K120453,K129458,husstand
K102707,K116425,husstand
K109333,K114419,husstand
K128308,K127324,husstand
K136014,K139801,husstand
K101691,K123072,husstand
K128680,K117872,husstand
K118929,K112326,medlaantaker
K112714,K119514,husstand
K139774,K104744,husstand
K123301,K137446,husstand
K103566,K118624,husstand
K125273,K120740,husstand
K116322,K136641,husstand
K128094,K134684,medlaantaker
K131445,K118561,husstand
K103188,K129548,husstand
K125297,K136112,medlaantaker
K103122,K125628,husstand
K112981,K131759,medlaantaker
K139460,K138357,husstand
K137495,K138761,husstand
K115534,K134094,husstand
K138808,K115293,husstand
K107590,K111053,husstand
K128293,K126860,medlaantaker
K134808,K133202,husstand
K122940,K132077,medlaantaker
K110768,K115906,husstand
K113362,K118841,husstand
K126950,K106992,husstand
K121013,K130941,husstand
K115487,K129875,husstand
K122385,K131035,medlaantaker
K120575,K111910,husstand
K130151,K125283,medlaantaker
K120312,K110993,husstand
K113168,K109317,medlaantaker
K125193,K122346,husstand
K123047,K104789,medlaantaker
K114607,K132607,husstand
K117997,K116390,medlaantaker
K104434,K120426,husstand
K103287,K129467,medlaantaker
K136049,K137479,husstand
K123515,K130912,husstand
K101527,K138592,medlaantaker
K105726,K124900,medlaantaker
K100324,K134534,husstand
K115104,K131475,husstand
K126377,K100284,husstand
K114871,K115040,husstand
K118334,K117659,husstand
K136819,K119691,husstand
K119768,K138910,husstand
K128040,K101521,husstand
K118222,K106024,husstand
K121751,K115762,husstand
K115043,K131239,husstand
K135992,K138043,husstand
K101613,K111108,medlaantaker
K127976,K139143,husstand
K114315,K121654,husstand
K129235,K116300,medlaantaker
K133079,K109581,medlaantaker
K136873,K131703,husstand
K122975,K111998,husstand
K127365,K103657,husstand
K131289,K117931,husstand
K122828,K132261,medlaantaker
K122372,K108609,medlaantaker
K138539,K117489,husstand
K110707,K138591,husstand
K110951,K103929,husstand
K138801,K115808,husstand
K119610,K129424,husstand
K107999,K116054,husstand
K120227,K118128,medlaantaker
K104013,K129375,husstand
K139349,K119333,husstand
K136770,K136353,medlaantaker
K124490,K127777,husstand
K114547,K117512,medlaantaker
K123665,K120045,husstand
K116367,K113052,husstand
K106004,K115011,husstand
K136101,K126903,husstand
K130507,K110972,medlaantaker
K133570,K106705,husstand
K105390,K120659,husstand
K131393,K123249,husstand
K107512,K130200,medlaantaker
K114984,K133127,husstand
K130412,K117891,husstand
K110355,K116323,husstand
K135391,K122500,husstand
K137604,K119160,husstand
K139435,K130331,medlaantaker
K103704,K136985,husstand
K128091,K115081,husstand
K109825,K132313,husstand
K131240,K117729,husstand
K119877,K119363,husstand
K100469,K101896,husstand
K104298,K121923,husstand
K139729,K137223,medlaantaker
K102407,K123669,husstand
K111562,K136780,husstand
K136954,K120732,husstand
K132610,K129382,husstand
K122856,K115205,husstand
K101066,K139377,husstand
K136148,K136878,husstand
K133063,K136833,husstand
K100880,K113814,medlaantaker
K105839,K106864,husstand
K113623,K124100,husstand
K138886,K114288,husstand
K115304,K124163,husstand
K135379,K139988,husstand
K107060,K111745,husstand
K133524,K116598,husstand
K136804,K137831,husstand
K108434,K101596,husstand
K127414,K123189,medlaantaker
K135988,K116339,husstand
K113255,K107013,husstand
K119732,K103743,medlaantaker
K104259,K102416,husstand
K126015,K114949,husstand
K120245,K127424,husstand
K103622,K126521,husstand
K105644,K121623,husstand
K133794,K106460,husstand
K125012,K128339,husstand
K127189,K126531,husstand
K103673,K115603,husstand
K128851,K101618,husstand
K134588,K139982,medlaantaker
K136756,K128252,husstand
K110274,K107237,husstand
K133093,K103800,husstand
K102882,K124680,husstand
K124769,K101769,husstand
K100015,K114303,husstand
K139559,K112867,husstand
K125639,K138242,husstand
K119556,K118171,husstand
K100496,K119378,husstand
K100926,K138926,husstand
K139490,K131208,medlaantaker
K127190,K119124,husstand
K108034,K115897,medlaantaker
K102312,K111887,husstand
K116836,K107206,husstand
K120529,K134862,medlaantaker
K127172,K126038,husstand
K101000,K128342,husstand
K123211,K126199,husstand
K115310,K124387,husstand
K136844,K118163,medlaantaker
K122380,K116998,husstand
K107053,K135289,husstand
K118344,K122124,medlaantaker
K123694,K115893,husstand
K126970,K114180,husstand
K103408,K116273,medlaantaker
K104046,K135972,husstand
K102604,K100162,medlaantaker
K110222,K123467,husstand
K110226,K124276,husstand
K109671,K137947,husstand
K118466,K129908,husstand
K113136,K117433,medlaantaker
K123732,K134795,husstand
K121621,K135088,husstand
K132993,K126101,husstand
K109801,K110125,husstand
K122990,K138939,husstand
K110847,K105322,husstand
K103208,K102516,husstand
K114161,K109986,husstand
K104835,K106011,husstand
K111171,K137967,husstand
K103631,K119734,husstand
K112554,K129198,medlaantaker
K104781,K113484,medlaantaker
K106934,K101546,husstand
K138833,K114716,husstand
K106208,K129829,medlaantaker
K120366,K124863,husstand
K119082,K101137,husstand
K111241,K104167,husstand
K101348,K113330,husstand
K100954,K107673,husstand
K124199,K134785,husstand
K102620,K109081,husstand
K133464,K103076,husstand
K108586,K114674,husstand
K124241,K113951,husstand
K134615,K128862,husstand
K137392,K120647,husstand
K114644,K120488,husstand
K131374,K100495,husstand
K115623,K128981,husstand
K107639,K108199,husstand
K131235,K110080,husstand
K114320,K106223,medlaantaker
K136695,K118357,husstand
K121802,K122485,medlaantaker
K102028,K101463,husstand
K133064,K102830,husstand
K133969,K101118,husstand
K108825,K112871,husstand
K115650,K114827,husstand
K130909,K128831,husstand
K118071,K111459,husstand
K102158,K111113,husstand
K132053,K135582,husstand
K131974,K130342,husstand
K139458,K103960,husstand
K108068,K122708,husstand
K129888,K132728,husstand
K121952,K107865,medlaantaker
K119253,K139228,husstand
K114046,K109595,husstand
K117620,K120268,medlaantaker
K132032,K110038,husstand
K130984,K107540,husstand
K137840,K111478,husstand
K109454,K134763,husstand
K111466,K139519,husstand
K123650,K105138,husstand
K109692,K131423,husstand
K129387,K137026,medlaantaker
K125185,K139140,husstand
K107496,K104073,husstand
K120578,K112550,husstand
K134322,K100665,husstand
K137226,K119390,medlaantaker
K112377,K124011,medlaantaker
K119660,K123639,husstand
K134250,K110097,husstand
K115631,K123497,husstand
K139716,K121513,husstand
K112354,K121016,husstand
K118164,K102592,medlaantaker
K104802,K100652,medlaantaker
K119896,K112784,medlaantaker
K139039,K116959,husstand
K123386,K126381,husstand
K115433,K121397,medlaantaker
K109016,K120482,husstand
K135630,K133053,medlaantaker
K135446,K133020,husstand
K137376,K121661,husstand
K112997,K104231,husstand
K123585,K136220,husstand
K114422,K114909,husstand
K118006,K124791,husstand
K108772,K134892,husstand
K121988,K135047,husstand
K127105,K111642,husstand
K113522,K117215,husstand
K112940,K113334,medlaantaker
K115387,K101127,husstand
K120094,K129466,husstand
K110427,K136046,medlaantaker
K109304,K134745,husstand
K103923,K129056,husstand
K115461,K120553,husstand
K113689,K100927,husstand
K103933,K132793,medlaantaker
K125533,K123918,husstand
K110852,K116433,husstand
K139282,K114371,medlaantaker
K106100,K110270,husstand
K132804,K134683,husstand
K138732,K118594,husstand
K122253,K109112,husstand
K132263,K100502,husstand
K132937,K107830,medlaantaker
K110515,K126655,husstand
K137799,K103618,husstand
K133001,K108501,husstand
K111951,K100034,husstand
K119342,K107538,husstand
K106473,K113525,husstand
K111702,K110598,husstand
K103894,K124382,medlaantaker
K132519,K113604,husstand
K131729,K133245,husstand
K117851,K121083,medlaantaker
K126335,K101581,husstand
K121150,K133823,husstand
K112222,K109015,husstand
K100769,K130240,husstand
K126488,K133905,husstand
K103061,K123989,husstand
K131232,K103758,husstand
K129287,K131945,husstand
K115255,K103634,husstand
K124339,K116120,husstand
K102369,K107265,husstand
K112780,K117523,medlaantaker
K136397,K130109,husstand
K126638,K111051,husstand
K101590,K121490,husstand
K110523,K134828,husstand
K134674,K138542,husstand
K129448,K126642,husstand
K108859,K126763,medlaantaker
K131110,K127539,husstand
K125963,K125694,husstand
K103360,K115131,medlaantaker
K122437,K120523,husstand
K132914,K119604,husstand
K117220,K124298,husstand
K112043,K119156,medlaantaker
K130758,K114780,husstand
K125480,K133695,husstand
K127962,K113594,husstand
K120376,K107846,husstand
K130746,K125111,husstand
K117271,K130607,husstand
K106572,K117276,husstand
K122652,K113574,medlaantaker
K134265,K102261,husstand
K105338,K134381,husstand
K105955,K117230,husstand
K135257,K118348,medlaantaker
K131564,K130018,husstand
K105853,K128296,husstand
K133749,K132496,husstand
K106876,K112143,husstand
K125560,K112198,husstand
K126448,K133088,husstand
K122964,K104422,husstand
K133356,K114504,husstand
K100159,K135054,husstand
K129431,K113962,husstand
K131193,K123916,husstand
K101731,K120773,husstand
K119715,K114926,husstand
K115626,K113206,husstand
K111551,K122533,husstand
K121097,K103125,medlaantaker
K106252,K109676,husstand
K124823,K122116,husstand
K111823,K127619,husstand
K113624,K105155,husstand
K107104,K115610,medlaantaker
K118838,K139546,husstand
K122326,K108108,husstand
K123991,K120579,husstand
K122656,K139440,husstand
K112745,K126458,husstand
K137250,K129094,husstand
K117221,K132221,husstand
K124070,K110714,husstand
K122579,K108668,husstand
K110752,K114273,husstand
K106134,K138627,husstand
K129726,K113515,husstand
K112703,K105310,husstand
K109080,K117735,husstand
K106683,K103298,husstand
K135576,K123234,medlaantaker
K139278,K106813,husstand
K129446,K112768,husstand
K107375,K124402,medlaantaker
K136242,K110681,husstand
K115774,K130859,husstand
K113850,K102907,husstand
K124537,K127215,husstand
K111104,K109391,medlaantaker
K113838,K113958,husstand
K136845,K137293,husstand
K101014,K136933,husstand
K128753,K122428,husstand
K121125,K103220,husstand
K112225,K109614,husstand
K136363,K119389,husstand
K105498,K131107,husstand
K139623,K137498,husstand
K134561,K126713,husstand
K124607,K109753,husstand
K113773,K114643,husstand
K139417,K136027,husstand
K112402,K107831,husstand
K108046,K131477,husstand
K110536,K133389,medlaantaker
K135885,K102348,husstand
K121555,K108205,husstand
K134156,K134521,husstand
K110096,K112732,husstand
K118060,K125131,husstand
K124664,K135740,husstand
K109902,K130872,husstand
K130886,K136417,husstand
K109173,K137492,husstand
K134373,K105883,husstand
K125831,K105304,husstand
K131546,K111457,husstand
K119952,K101492,husstand
K131392,K130519,husstand
K123036,K120509,husstand
K120194,K135482,husstand
K103077,K109099,husstand
K110778,K123140,husstand
K124817,K112826,medlaantaker
K100346,K130457,medlaantaker
K107789,K134143,husstand
K125325,K139758,husstand
K105463,K106581,husstand
K123601,K134380,husstand
K120420,K123166,husstand
K134583,K104348,husstand
K122836,K129033,husstand
K125458,K105326,husstand
K128364,K131932,husstand
K135011,K124588,medlaantaker
K127009,K119969,husstand
K110480,K135901,medlaantaker
K109054,K101377,husstand
K136223,K112387,husstand
K134752,K125420,husstand
K109792,K132037,husstand
K134208,K118187,husstand
K137938,K113736,husstand
K118898,K111862,husstand
K137025,K110739,husstand
K119424,K128505,husstand
K137313,K118041,husstand
K130965,K118915,husstand
K133031,K107660,husstand
K122877,K134699,husstand
K129341,K116428,husstand
K130735,K133701,husstand
K107458,K104911,husstand
K132117,K119116,husstand
K123501,K104935,husstand
K106650,K102470,husstand
K133924,K115156,medlaantaker
K132540,K118243,husstand
K117929,K122469,husstand
K137669,K102747,husstand
K128460,K137198,husstand
K132029,K114348,husstand
K120584,K106707,husstand
K126200,K112934,husstand
K116278,K110713,husstand
K101989,K131205,husstand
K107728,K112124,husstand
K113425,K134287,husstand
K110114,K107294,medlaantaker
K103112,K137844,husstand
K118324,K137189,medlaantaker
K101193,K122926,husstand
K126794,K107343,husstand
K112605,K104189,husstand
K122295,K120821,husstand
K108627,K139901,husstand
K110584,K112067,medlaantaker
K100711,K138889,husstand
K129973,K124644,husstand
K128980,K115941,medlaantaker
K109433,K116604,husstand
K120781,K124973,husstand
K101866,K138335,husstand
K122146,K126001,husstand
K127790,K105649,husstand
K135001,K126430,husstand
K109542,K115298,husstand
K122987,K132580,husstand
K125355,K133939,husstand
K130119,K114093,husstand
K100552,K115164,husstand
K139694,K103170,husstand
K108604,K131837,medlaantaker
K136755,K115570,husstand
K116520,K107085,husstand
K117707,K101285,husstand
K139530,K133668,husstand
K122272,K136612,husstand
K138581,K106482,medlaantaker
K136637,K107539,husstand
K115206,K100274,husstand
K123450,K115551,husstand
K124758,K103635,husstand
K105055,K135587,husstand
K118055,K118668,husstand
K120695,K128130,husstand
K139147,K105481,husstand
K106792,K112902,medlaantaker
K100448,K127557,husstand
K112717,K101174,husstand
K113930,K137452,husstand
K123025,K133530,husstand
K111633,K121534,husstand
K134837,K136512,husstand
K103811,K105796,husstand
K110433,K133108,husstand
K107063,K124287,husstand
K138530,K105621,husstand
K129771,K104324,medlaantaker
K111300,K109541,husstand
K136478,K111472,husstand
K102823,K125834,husstand
K104684,K134765,husstand
K113966,K109115,husstand
K106225,K139352,medlaantaker
K106478,K125703,husstand
K118001,K100816,husstand
K104531,K104245,husstand
K139808,K126920,husstand
K130127,K103856,medlaantaker
K119478,K118242,husstand
K119395,K113072,husstand
K122012,K133724,medlaantaker
K110588,K131115,husstand
K113807,K120479,husstand
K102377,K137918,husstand
K122903,K112139,husstand
K124757,K128627,husstand
K135615,K110071,husstand
K139466,K112483,husstand
K102289,K115717,husstand
K113134,K123994,husstand
K117096,K109031,husstand
K104359,K120812,medlaantaker
K132279,K109427,medlaantaker
K103382,K107397,husstand
K139019,K124983,husstand
K114136,K114277,husstand
K135920,K139105,medlaantaker
K135411,K118595,husstand
K113239,K138462,medlaantaker
K111102,K135745,husstand
K115628,K101482,husstand
K108821,K129354,husstand
K110859,K131004,husstand
K139949,K128845,husstand
K133123,K120471,husstand
K134098,K135577,medlaantaker
K132281,K116682,husstand
K121149,K128266,husstand
K137549,K130324,husstand
K131268,K116171,husstand
K133204,K112305,husstand
K128580,K101828,husstand
K127670,K136383,husstand
K119264,K118418,husstand
K130282,K108951,husstand
K120446,K102680,husstand
K128046,K125513,husstand
K115807,K128838,medlaantaker
K134664,K107722,husstand
K110183,K118249,medlaantaker
K136565,K110684,husstand
K104247,K103159,husstand
K101179,K112399,husstand
K112413,K106578,husstand
K101342,K118096,husstand
K103485,K130153,husstand
K118546,K136731,husstand
K109843,K127133,husstand
K128864,K117972,husstand
K119527,K125623,husstand
K137050,K114896,husstand
K124732,K116726,husstand
K114876,K109301,medlaantaker
K110769,K110177,husstand
K105257,K125351,husstand
K120916,K111730,husstand
K109978,K110988,husstand
K100745,K112543,husstand
K123617,K106592,husstand
K122014,K119413,husstand
K135945,K111078,husstand
K138552,K137153,husstand
K125384,K109739,husstand
K121005,K100214,medlaantaker
K104340,K131710,husstand
K116681,K133736,medlaantaker
K118143,K119923,husstand
K138752,K138750,medlaantaker
K108995,K117850,husstand
K107676,K120836,husstand
K118680,K120752,medlaantaker
K119225,K136069,husstand
K110204,K133828,husstand
K134729,K102642,husstand
K126474,K137307,medlaantaker
K124760,K114458,husstand
K101815,K107546,husstand
K103686,K126695,husstand
K118069,K114656,husstand
K105690,K121835,husstand
K118664,K124343,husstand
K120541,K128737,medlaantaker
K134403,K121048,husstand
K110613,K127899,medlaantaker
K131707,K120921,husstand
K120989,K100047,husstand
K125661,K138868,husstand
K132497,K127756,husstand
K116008,K117094,husstand
K130085,K119318,medlaantaker
K112571,K129420,medlaantaker
K112912,K110943,husstand
K102893,K105779,medlaantaker
K110679,K128125,husstand
K135590,K120694,husstand
K118203,K138444,husstand
K105104,K115778,husstand
K129043,K105806,husstand
K102655,K135512,husstand
K134922,K102802,husstand
K137448,K100881,husstand
K127359,K139750,husstand
K133002,K128816,husstand
K117277,K116137,husstand
K125098,K134524,husstand
K110726,K106433,husstand
K134992,K107736,husstand
K118126,K129504,husstand
K128566,K111383,medlaantaker
K135614,K109948,medlaantaker
K101830,K102056,husstand
K108941,K124576,husstand
K136673,K139471,husstand
K120704,K138569,husstand
K119194,K107862,husstand
K121599,K104170,medlaantaker
K109881,K137797,husstand
K118556,K131352,husstand
K129618,K124364,husstand
K129901,K110625,medlaantaker
K118475,K128554,husstand
K119654,K124200,medlaantaker
K134059,K102570,medlaantaker
K110266,K118529,husstand
K114213,K113783,husstand
K127089,K116592,husstand
K123758,K138873,husstand
K110076,K106764,husstand
K109043,K108025,husstand
K118489,K114999,medlaantaker
K105842,K109816,husstand
K121607,K108125,husstand
K125905,K114951,husstand
K125622,K115838,husstand
K111169,K100241,husstand
K119091,K101932,husstand
K139444,K104742,medlaantaker
K126847,K123777,medlaantaker
K121528,K133848,medlaantaker
K102177,K115132,husstand
K107268,K109724,husstand
K132909,K139887,husstand
K116795,K133645,husstand
K129268,K117455,husstand
K108128,K131242,husstand
K122194,K109215,medlaantaker
K132910,K110848,husstand
K137013,K123304,husstand
K124996,K126011,medlaantaker
K113800,K109211,husstand
K125561,K130022,husstand
K136515,K132866,husstand
K122602,K136372,husstand
K124813,K119642,husstand
K101605,K131459,husstand
K110021,K124736,husstand
K128679,K127221,husstand
K136393,K119007,husstand
K113099,K139603,husstand
K110102,K124854,medlaantaker
K136056,K127033,husstand
K100253,K122586,husstand
K120863,K134967,medlaantaker
K100841,K132766,husstand
K136118,K108332,husstand
K120263,K120266,husstand
K118258,K101020,husstand
K124626,K128188,husstand
K128051,K139587,husstand
K127518,K124255,husstand
K124739,K103378,husstand
K120608,K132574,husstand
K106399,K124414,medlaantaker
K135939,K135801,husstand
K131734,K132209,husstand
K118081,K127903,medlaantaker
K115499,K124601,husstand
K111196,K108692,husstand
K122549,K128926,medlaantaker
K115711,K124019,husstand
K104450,K105651,husstand
K129243,K110754,husstand
K133467,K123828,husstand
K135734,K103206,husstand
K121462,K106196,husstand
K127613,K109967,medlaantaker
K118901,K105251,husstand
K116700,K122772,husstand
K119828,K106541,husstand
K111208,K135909,medlaantaker
K133621,K106385,husstand
K109243,K118020,husstand
K101051,K114723,husstand
K131404,K138286,medlaantaker
K129692,K119603,medlaantaker
K101986,K111710,husstand
K105032,K135835,husstand
K112969,K102009,husstand
K107666,K104499,medlaantaker
K138303,K126451,medlaantaker
K132119,K134914,husstand
K128610,K101774,husstand
K125225,K124217,medlaantaker
K124641,K108410,husstand
K130529,K138012,medlaantaker
K127201,K121705,medlaantaker
K125647,K107721,husstand
K116788,K109361,husstand
K102477,K126752,medlaantaker
K125788,K105091,husstand
K114945,K132738,medlaantaker
K106507,K130316,medlaantaker
K110333,K132142,medlaantaker
K111956,K129079,husstand
K134048,K134885,husstand
K122548,K135155,husstand
K129910,K104957,husstand
K128302,K133169,medlaantaker
K138532,K130461,medlaantaker
K120866,K121589,husstand
K126502,K104428,medlaantaker
K108077,K130675,husstand
K113508,K125849,medlaantaker
K130011,K122153,husstand
K129987,K120304,husstand
K124794,K109997,husstand
K100272,K121865,husstand
K125520,K119900,husstand
K116789,K122203,husstand
K122367,K138278,medlaantaker
K111477,K102455,medlaantaker
K100427,K129940,husstand
K119559,K137942,medlaantaker
K131197,K130751,medlaantaker
K134709,K112941,husstand
K110650,K116232,husstand
K114714,K104057,husstand
K128588,K138707,husstand
K102915,K132698,husstand
K118983,K117343,husstand
K128288,K128080,husstand
K108985,K106255,husstand
K136487,K114306,husstand
K133907,K130289,medlaantaker
K101022,K133346,husstand
K122412,K121841,husstand
K104962,K131753,husstand
K129234,K139310,husstand
K114639,K134953,husstand
K109366,K129121,husstand
K100360,K132635,husstand
K131397,K112637,husstand
K127076,K120309,husstand
K130399,K103492,husstand
K108095,K123625,husstand
K101446,K102216,husstand
K125566,K126475,husstand
K117661,K117121,husstand
K116435,K102033,husstand
K120599,K125339,husstand
K115322,K136875,husstand
K123684,K117700,husstand
K102339,K116780,husstand
K103338,K101900,husstand
K104282,K119899,husstand
K101511,K119355,husstand
K134774,K129368,husstand
K133657,K129016,husstand
K134764,K134235,husstand
K126157,K133317,husstand
K138817,K108142,husstand
K128249,K113606,husstand
K105812,K111325,husstand
K114986,K105746,husstand
K132870,K122818,husstand
K108975,K121832,husstand
K137866,K129529,medlaantaker
K112613,K130539,husstand
K107698,K118979,husstand
K104907,K131849,husstand
K132007,K120727,husstand
K113697,K117474,medlaantaker
K110710,K125502,husstand
K100129,K100479,medlaantaker
K126767,K118574,husstand
K112783,K122073,husstand
K133574,K105770,husstand
K131633,K139208,husstand
K115369,K111497,husstand
K112273,K134942,husstand
K138565,K131315,husstand
K103197,K102670,husstand
K118123,K126579,medlaantaker
K139554,K127605,medlaantaker
K114414,K133994,husstand
K124380,K137689,husstand
K117592,K112534,medlaantaker
K134215,K139762,husstand
K120214,K113769,medlaantaker
K127919,K110313,medlaantaker
K106987,K136286,husstand
K122694,K113377,husstand
K110816,K123061,husstand
K110564,K132627,husstand
K109453,K137103,husstand
K108038,K112548,husstand
K129976,K139374,husstand
K103892,K139407,husstand
K134167,K123997,husstand
K120938,K109202,husstand
K126573,K110115,husstand
K132330,K104123,husstand
K109388,K123418,husstand
K121295,K139773,husstand
K119531,K105174,husstand
K115518,K101453,husstand
K136293,K127950,husstand
K104517,K131357,husstand
K103748,K107050,husstand
K138112,K122454,husstand
K132667,K119790,husstand
K136577,K107148,husstand
K119897,K102336,husstand
K135690,K111931,husstand
K139657,K120669,husstand
K124039,K134864,husstand
K129981,K123279,husstand
K133275,K120547,medlaantaker
K102920,K116964,husstand
K119733,K120127,husstand
K105974,K121851,husstand
K102711,K132052,husstand
K135484,K103004,medlaantaker
K129869,K132858,husstand
K120874,K118241,husstand
K138441,K123879,husstand
K100364,K133854,medlaantaker
K113657,K103588,medlaantaker
K112518,K116508,husstand
K123774,K132945,husstand
K107256,K133277,husstand
K103794,K105302,husstand
K137257,K119165,husstand
K103256,K126400,husstand
K119665,K101470,husstand
K117666,K125199,husstand
K121166,K101507,husstand
K106232,K120371,husstand
K137970,K126044,husstand
K131882,K120736,medlaantaker
K108794,K138538,husstand
K117777,K109791,husstand
K133781,K121981,medlaantaker
K118322,K107340,husstand
K113084,K105060,husstand
K119142,K123613,husstand
K113716,K131457,husstand
K100470,K104289,husstand
K138006,K100786,husstand
K103651,K129530,husstand
K101310,K115193,husstand
K127868,K105745,husstand
K128727,K110837,husstand
K127149,K137730,husstand
K100017,K109652,husstand
K131247,K136156,medlaantaker
K124337,K121201,husstand
K118211,K138256,husstand
K113540,K136662,husstand
K119243,K107091,husstand
K117739,K133769,husstand
K116017,K111895,husstand
K110576,K118328,husstand
K125041,K127035,husstand
K104765,K117381,husstand
K130701,K129369,husstand
K131648,K115592,husstand
K116721,K128002,husstand
K112921,K105016,husstand
K117295,K109985,medlaantaker
K104456,K133840,medlaantaker
K128027,K120450,husstand
K111263,K131874,husstand
K132779,K101636,medlaantaker
K102142,K110365,medlaantaker
K115537,K123098,husstand
K120083,K120507,medlaantaker
K131552,K103337,husstand
K120772,K106964,husstand
K128547,K101929,husstand
K123580,K113933,husstand
K136460,K135123,husstand
K133301,K111344,husstand
K102765,K113547,husstand
K112886,K125961,medlaantaker
K105383,K121686,husstand
K111305,K125281,husstand
K101619,K122360,husstand
K131484,K119623,husstand
K133715,K119810,husstand
K125613,K112809,husstand
K120118,K101407,medlaantaker
K129035,K116307,medlaantaker
K119321,K109372,husstand
K127325,K107069,medlaantaker
K107144,K118661,husstand
K112463,K120531,husstand
K105701,K114127,medlaantaker
K121787,K116603,husstand
K113886,K120703,husstand
K133728,K134707,husstand
K118315,K137666,husstand
K125847,K117034,husstand
K134920,K106361,husstand
K118305,K115722,husstand
K136725,K139073,husstand
K129131,K127213,husstand
K114527,K134262,husstand
K115495,K100999,husstand
K138325,K121687,husstand
K111298,K133102,husstand
K113990,K117822,husstand
K112878,K127583,husstand
K117166,K131030,husstand
K127012,K123891,husstand
K130666,K118033,husstand
K136643,K105575,husstand
K135953,K108731,husstand
K112903,K115940,medlaantaker
K126706,K103177,husstand
K110161,K130403,husstand
K106636,K127577,husstand
K100534,K106343,husstand
K123365,K112612,husstand
K113884,K126362,husstand
K124898,K131577,husstand
K133655,K107513,husstand
K118703,K122381,husstand
K136660,K133453,husstand
K107785,K103684,husstand
K110998,K124753,medlaantaker
K136241,K100870,husstand
K119207,K128234,medlaantaker
K134154,K122426,husstand
K107754,K139529,husstand
K114382,K134911,husstand
K124250,K122767,husstand
K134001,K130023,husstand
K109414,K125499,husstand
K116723,K112036,husstand
K126587,K134132,husstand
K101388,K114759,husstand
K119777,K117897,husstand
K137187,K101717,husstand
K103576,K116515,medlaantaker
K104821,K109157,husstand
K121931,K136976,husstand
K129855,K103395,husstand
K137910,K104741,husstand
K102443,K132511,husstand
K124083,K118987,husstand
K105436,K108555,husstand
K110746,K135489,husstand
K121941,K114292,husstand
K115527,K122369,husstand
K118558,K114282,husstand
K110981,K136619,husstand
K112436,K101486,husstand
K132517,K139514,husstand
K130585,K106270,husstand
K139046,K128833,husstand
K122386,K119329,medlaantaker
K111652,K114538,husstand
K122946,K105265,husstand
K120980,K119992,husstand
K119202,K108895,husstand
K127850,K104305,husstand
K110408,K138305,medlaantaker
K117580,K106724,husstand
K117156,K131447,husstand
K121817,K122470,husstand
K137776,K124542,medlaantaker
K124457,K100343,husstand
K135852,K113611,husstand
K104198,K134225,husstand
K131897,K103448,medlaantaker
K133677,K132886,husstand
K115547,K119309,husstand
K122495,K137344,husstand
K108702,K117311,husstand
K114660,K120970,medlaantaker
K126602,K133483,husstand
K131593,K133937,medlaantaker
K109803,K100106,husstand
K120496,K105049,husstand
K115400,K131065,husstand
K100921,K138438,husstand
K139937,K129046,husstand
K119720,K130793,husstand
K112014,K127432,husstand
K120464,K138148,medlaantaker
K106000,K100559,husstand
K124634,K122685,husstand
K100281,K123336,husstand
K125197,K119098,husstand
K116659,K129134,husstand
K128989,K110053,husstand
K127644,K119030,husstand
K137101,K118685,husstand
K125023,K117494,husstand
K121506,K102188,husstand
K131826,K124710,husstand
K118888,K119627,husstand
K111315,K118370,medlaantaker
K105590,K112009,husstand
K131742,K104233,husstand
K125601,K114065,husstand
K109892,K127555,medlaantaker
K125027,K112935,husstand
K107196,K119554,medlaantaker
K107204,K129794,husstand
K121881,K130406,husstand
K128426,K116823,husstand
K102303,K122618,husstand
K104394,K109098,medlaantaker
K102251,K128205,husstand
K132139,K103415,husstand
K131535,K105046,husstand
K124949,K116810,husstand
K138835,K135316,husstand
K134144,K120412,husstand
K129010,K105753,husstand
K113545,K128719,husstand
K113915,K116207,husstand
K125178,K100392,husstand
K108368,K120036,husstand
K113625,K134517,medlaantaker
K133582,K101612,husstand
K110276,K130691,husstand
K100561,K103387,husstand
K125719,K103200,husstand
K134012,K128579,husstand
K124709,K124499,medlaantaker
K135055,K118077,husstand
K131738,K138959,husstand
K128797,K125136,husstand
K101133,K112767,husstand
K127702,K137665,husstand
K102449,K106991,husstand
K134565,K115208,husstand
K112672,K113693,husstand
K105281,K137668,husstand
K121896,K135719,husstand
K100291,K108902,husstand
K125617,K105625,husstand
K100155,K128909,husstand
K119382,K123391,medlaantaker
K122123,K116502,medlaantaker
K131992,K127302,husstand
K119625,K130217,medlaantaker
K117112,K116958,husstand
K109945,K108834,husstand
K100049,K126142,husstand
K138978,K111079,husstand
K105499,K113586,husstand
K120850,K132247,husstand
K102542,K112192,husstand
K112987,K139613,husstand
K125737,K125215,husstand
K128969,K127192,medlaantaker
K113224,K113957,husstand
K103850,K107953,husstand
K112471,K117183,husstand
K108085,K135943,medlaantaker
K106214,K130977,husstand
K116260,K131367,husstand
K125470,K118543,husstand
K131238,K139091,husstand
K111179,K113767,husstand
K100586,K117853,husstand
K100636,K105284,husstand
K120395,K118358,husstand
K121449,K114201,husstand
K118770,K139250,husstand
K124510,K138060,husstand
K123798,K103150,husstand
K126168,K121294,husstand
K135361,K127940,husstand
K129307,K101825,husstand
K126317,K125176,husstand
K113943,K106073,medlaantaker
K126872,K103032,husstand
K139052,K109804,medlaantaker
K101988,K128214,husstand
K123208,K131902,husstand
K138027,K100637,husstand
K114106,K100097,husstand
K106405,K100378,husstand
K139003,K127727,medlaantaker
K110572,K109305,husstand
K124161,K117593,medlaantaker
K129170,K100530,husstand
K126768,K118082,husstand
K128139,K131821,husstand
K114766,K114107,husstand
K106454,K128511,husstand
K119045,K125237,medlaantaker
K108261,K112171,husstand
K118724,K110159,husstand
K120135,K114229,husstand
K130564,K121060,medlaantaker
K111088,K106802,husstand
K102124,K100750,husstand
K105655,K125721,husstand
K108292,K100894,medlaantaker
K123673,K127533,medlaantaker
K124653,K137315,husstand
K120856,K116899,husstand
K120029,K119170,husstand
K108456,K106199,husstand
K128964,K111122,husstand
K110136,K109500,husstand
K130788,K105358,husstand
K100883,K107202,medlaantaker
K129141,K122742,husstand
K135564,K102924,husstand
K110068,K124869,medlaantaker
K109405,K116200,husstand
K134188,K117493,husstand
K109353,K119535,medlaantaker
K132194,K108812,husstand
K125619,K105424,medlaantaker
K118542,K111517,medlaantaker
K137613,K110347,husstand
K105169,K129306,husstand
K137574,K135349,husstand
K125469,K110461,husstand
K105026,K115204,medlaantaker
K124034,K123567,medlaantaker
K133738,K104901,husstand
K128794,K128422,husstand
K121789,K112174,husstand
K123423,K115771,husstand
K116379,K134050,husstand
K131017,K100649,husstand
K111100,K128238,husstand
K106323,K131868,husstand
K114732,K101303,husstand
K105510,K113389,husstand
K107373,K124101,husstand
K126978,K111361,husstand
K122313,K128497,husstand
K103036,K137128,medlaantaker
K120168,K105415,husstand
K106060,K109815,husstand
K107047,K113145,medlaantaker
K134218,K102461,husstand
K108132,K114910,medlaantaker
K137916,K116825,husstand
K101810,K102931,husstand
K132182,K133962,medlaantaker
K101968,K130278,medlaantaker
K124315,K115144,husstand
K131563,K118191,husstand
K131160,K123358,husstand
K120255,K137518,medlaantaker
K102562,K111020,husstand
K126797,K129713,husstand
K116346,K128604,husstand
K135409,K122282,husstand
K112396,K106784,medlaantaker
K106173,K112525,husstand
K116763,K117915,husstand
K126586,K121183,husstand
K125604,K132906,husstand
K131388,K100514,husstand
K129506,K127271,husstand
K124926,K120729,husstand
K105271,K115738,husstand
K114235,K108014,husstand
K113616,K138519,husstand
K137865,K127876,husstand
K135067,K117769,husstand
K113507,K121975,medlaantaker
K121678,K111413,medlaantaker
K119337,K123480,husstand
K131070,K136823,medlaantaker
K102234,K135116,husstand
K112193,K108430,husstand
K102093,K130046,husstand
K135105,K128639,medlaantaker
K122855,K138066,husstand
K116105,K126249,husstand
K131776,K112227,husstand
K118740,K128615,husstand
K129191,K127128,husstand
K100657,K115652,husstand
K121014,K103851,husstand
K128770,K139179,husstand
K133676,K124714,husstand
K132614,K106630,husstand
K105969,K117362,husstand
K134841,K110962,husstand
K121985,K123264,husstand
K133463,K111022,husstand
K102750,K113031,medlaantaker
K107657,K126208,husstand
K131408,K122239,husstand
K138032,K139406,husstand
K111205,K122962,husstand
K101185,K105248,husstand
K112646,K138629,husstand
K115363,K103844,husstand
K115301,K139072,husstand
K103164,K111041,husstand
K113546,K138534,medlaantaker
K130542,K110439,husstand
K118692,K112206,medlaantaker
K106425,K111561,husstand
K130214,K114443,husstand
K121655,K100370,husstand
K105860,K120505,husstand
K110189,K119281,husstand
K130333,K106530,husstand
K121266,K106547,husstand
K126297,K102482,husstand
K130094,K107411,husstand
K124543,K134313,husstand
K121115,K110007,husstand
K120718,K107725,husstand
K103710,K124788,husstand
K122152,K114722,husstand
K106330,K125791,husstand
K136245,K108035,husstand
K135830,K110236,medlaantaker
K112180,K115007,husstand
K133822,K106119,husstand
K130207,K109794,husstand
K118652,K126387,husstand
K134246,K136919,husstand
K129996,K116380,medlaantaker
K108614,K114848,medlaantaker
K119213,K105628,husstand
K105579,K102846,husstand
K138485,K121601,medlaantaker
K126196,K127351,husstand
K139372,K133558,husstand
K134351,K105197,husstand
K129719,K112999,husstand
K125695,K107113,medlaantaker
K132605,K117445,husstand
K137789,K127102,husstand
K118752,K102390,husstand
K113207,K106911,husstand
K109127,K117832,husstand
K139759,K101998,husstand
K126708,K100182,husstand
K135536,K107035,husstand
K125376,K138024,husstand
K116536,K114574,medlaantaker
K134141,K115419,husstand
K132666,K119443,husstand
K100011,K126536,husstand
K125404,K115974,medlaantaker
K132590,K118782,husstand
K118310,K109842,husstand
K132665,K128208,medlaantaker
K130082,K125103,husstand
K107105,K110560,husstand
K120716,K114342,husstand
K135005,K101853,husstand
K133044,K102772,husstand
K119834,K108870,husstand
K111830,K115441,husstand
K123469,K129045,husstand
K115619,K121727,medlaantaker
K124580,K106647,husstand
K109144,K129262,husstand
K129098,K110580,medlaantaker
K108672,K127043,husstand
K133069,K105502,husstand
K119100,K104827,husstand
K111272,K117119,medlaantaker
K107775,K125146,husstand
K101161,K111254,husstand
K122823,K109675,husstand
K121620,K124929,husstand
K139125,K136308,husstand
K128501,K115742,husstand
K132498,K103733,husstand
K129435,K126925,husstand
K120660,K109455,husstand
K106192,K101112,husstand
K115088,K119886,husstand
K119351,K102091,medlaantaker
K102752,K136632,husstand
K133410,K110414,husstand
K127985,K101082,husstand
K130996,K115538,medlaantaker
K111230,K134202,husstand
K128173,K136394,husstand
K136514,K104828,husstand
K134363,K127800,husstand
K100345,K110795,husstand
K103771,K115661,husstand
K115342,K113117,husstand
K115073,K118698,husstand
K135866,K100850,husstand
K127671,K139829,husstand
K121298,K117273,medlaantaker
K129357,K126958,husstand
K136572,K118309,husstand
K100302,K129517,husstand
K125584,K104038,husstand
K120424,K122310,husstand
K136998,K121650,husstand
K105014,K110336,husstand
K115824,K123292,husstand
K103284,K131435,husstand
K138131,K110065,husstand
K132941,K130445,husstand
K131530,K112804,husstand
K108291,K115183,husstand
K101919,K136664,husstand
K118058,K106277,husstand
K113786,K119876,husstand
K106485,K102874,husstand
K122330,K114668,medlaantaker
K115200,K136881,husstand
K114466,K106055,husstand
K138121,K122450,husstand
K117804,K107354,husstand
K134413,K107827,medlaantaker
K137637,K111195,husstand
K125593,K128172,husstand
K122684,K118382,husstand
K136250,K112048,husstand
K122912,K103072,husstand
K122906,K129332,husstand
K139741,K131509,husstand
K129477,K131605,husstand
K138919,K127640,husstand
K134295,K127369,medlaantaker
K135278,K111418,husstand
K116990,K109210,husstand
K118141,K132548,medlaantaker
K122927,K106322,husstand
K135053,K136750,husstand
K102624,K113215,husstand
K139882,K136973,husstand
K137133,K103167,husstand
K114552,K122013,medlaantaker
K109771,K111508,medlaantaker
K123341,K103964,husstand
K113740,K113188,husstand
K136418,K125651,husstand
K121617,K139427,husstand
K103101,K139017,husstand
K104924,K129930,husstand
K104672,K134142,medlaantaker
K111206,K131621,medlaantaker
K123038,K105862,husstand
K108042,K128708,medlaantaker
K133263,K129527,husstand
K103564,K128369,husstand
K123824,K130208,husstand
K130241,K124696,medlaantaker
K137909,K108144,husstand
K131200,K110317,husstand
K107668,K110916,medlaantaker
K115429,K132746,medlaantaker
K113023,K109065,husstand
K126921,K112135,husstand
K101226,K120500,husstand
K134375,K111435,husstand
K128666,K138358,medlaantaker
K134562,K125442,husstand
K135931,K113300,husstand
K104585,K105366,husstand
K129932,K128487,husstand
K106180,K128611,husstand
K139725,K118600,husstand
K117423,K132136,husstand
K135729,K137246,husstand
K102198,K117102,husstand
K133489,K114679,medlaantaker
K137851,K107695,husstand
K139218,K125408,husstand
K131152,K100040,husstand
K105013,K116671,husstand
K125406,K134964,husstand
K104438,K107771,husstand
K104873,K106576,husstand
K111168,K115225,husstand
K138408,K128653,medlaantaker
K136532,K134027,husstand
K119188,K128041,husstand
K139422,K130079,husstand
K131342,K104714,husstand
K112746,K136627,husstand
K114959,K101282,husstand
K101186,K133667,husstand
K105915,K133726,medlaantaker
K110929,K128788,medlaantaker
K109835,K100840,medlaantaker
K107892,K111193,medlaantaker
K113260,K101938,husstand
K109933,K131623,medlaantaker
K137966,K122675,husstand
K127208,K120166,husstand
K132208,K100549,husstand
K101272,K105123,husstand
K113569,K139335,husstand
K118490,K135200,husstand
K138145,K109295,medlaantaker
K106362,K129032,husstand
K113338,K117755,husstand
K125026,K112774,husstand
K108974,K139701,medlaantaker
K129143,K126662,husstand
K117163,K112179,husstand
K130070,K123024,husstand
K120271,K123479,husstand
K117509,K119397,husstand
K125758,K129580,husstand
K134479,K134069,husstand
K113279,K109643,husstand
K113503,K100443,husstand
K129808,K122592,husstand
K100600,K106152,medlaantaker
K125950,K101284,husstand
K120600,K119816,husstand
K123464,K116199,medlaantaker
K119976,K113925,husstand
K119884,K123232,husstand
K119749,K111222,medlaantaker
K112158,K101703,husstand
K113965,K123622,husstand
K131924,K113683,husstand
K113160,K116306,medlaantaker
K101552,K113873,husstand
K111291,K107600,husstand
K121279,K125757,husstand
K134858,K122768,husstand
K125793,K134495,medlaantaker
K127380,K127449,husstand
K109260,K127162,medlaantaker
K102847,K124310,husstand
K104520,K107321,husstand
K106103,K127853,medlaantaker
K133881,K125226,husstand
K108266,K101381,husstand
K107207,K111915,husstand
K102432,K117255,husstand
K113538,K119959,husstand
K122206,K139849,husstand
K132680,K120146,husstand
K135717,K136234,medlaantaker
K133806,K101107,medlaantaker
K128668,K119239,husstand
K110911,K129221,husstand
K107909,K106519,husstand
K130355,K103237,medlaantaker
K133131,K139256,husstand
K123721,K135241,husstand
K126941,K134211,husstand
K135245,K137395,husstand
K123183,K100386,medlaantaker
K121649,K114055,medlaantaker
K109079,K105198,husstand
K116756,K103215,husstand
K114036,K125357,medlaantaker
K118725,K112624,husstand
K129510,K129958,medlaantaker
K122049,K139416,husstand
K137473,K124937,husstand
K131027,K109657,husstand
K123575,K123976,husstand
K106384,K123421,husstand
K123900,K106249,husstand
K111857,K124244,medlaantaker
K118943,K100183,medlaantaker
K134455,K113395,husstand
K122275,K114718,husstand
K106293,K122480,husstand
K112725,K137119,husstand
K120305,K105475,husstand
K133520,K115753,husstand
K127079,K106021,husstand
K129011,K112619,husstand
K129163,K114630,husstand
K129050,K120068,medlaantaker
K116378,K132500,husstand
K101652,K122672,husstand
K132100,K123473,husstand
K133815,K124172,husstand
K137263,K120604,medlaantaker
K106307,K124509,husstand
K105846,K123366,medlaantaker
K127765,K130634,husstand
K130397,K102136,husstand
K101100,K124687,medlaantaker
K132493,K138240,husstand
K102906,K111138,husstand
K123077,K108443,medlaantaker
K110786,K117130,husstand
K111518,K120033,husstand
K137157,K121505,husstand
K139287,K125836,husstand
K137091,K139635,husstand
K122554,K131419,husstand
K128728,K125270,husstand
K130268,K116071,husstand
K120793,K125047,husstand
K102978,K114413,husstand
K109800,K109726,husstand
K130498,K128086,husstand
K112667,K107145,husstand
K111467,K126722,medlaantaker
K108628,K127978,husstand
K128377,K116407,husstand
K121448,K139852,husstand
K130753,K119567,husstand
K138643,K119193,husstand
K108819,K103073,husstand
K133422,K121734,husstand
K125896,K124401,medlaantaker
K132867,K124529,husstand
K130371,K131606,medlaantaker
K130718,K119854,husstand
K110217,K136903,husstand
K103250,K105063,husstand
K109935,K120136,husstand
K126643,K134653,husstand
K109283,K106623,husstand
K102808,K101564,husstand
K104874,K120797,husstand
K136621,K116937,medlaantaker
K120985,K118934,husstand
K124218,K136347,husstand
K119374,K126019,husstand
K103958,K124987,husstand
K121533,K103643,medlaantaker
K115712,K109061,husstand
K131466,K125170,husstand
K132284,K122456,husstand
K119085,K113375,husstand
K114789,K135464,husstand
K113728,K128973,medlaantaker
K119140,K121882,husstand
K136531,K118248,husstand
K139210,K117427,husstand
K138481,K136626,husstand
K134291,K114045,husstand
K114705,K135887,husstand
K105387,K107099,husstand
K126408,K105038,husstand
K106440,K135221,husstand
K131548,K102705,husstand
K127425,K125167,husstand
K126732,K108777,husstand
K124269,K127344,husstand
K124279,K132629,husstand
K131810,K131693,husstand
K109625,K128304,husstand
K110001,K123706,husstand
K114609,K121301,medlaantaker
K132424,K118451,husstand
K130967,K105243,husstand
K104155,K105050,husstand
K116297,K123314,husstand
K104022,K125309,husstand
K105153,K136158,husstand
K114778,K113830,medlaantaker
K105596,K127767,husstand
K135757,K129128,husstand
K111667,K117024,medlaantaker
K114873,K124286,husstand
K135141,K125742,husstand
K139232,K100993,medlaantaker
K133403,K111067,husstand
K116427,K128771,husstand
K116857,K118637,husstand
K138442,K105116,medlaantaker
K106410,K113825,medlaantaker
K128848,K103870,husstand
K138826,K128431,husstand
K126808,K106532,husstand
K130131,K124649,husstand
K126935,K125392,husstand
K137792,K114750,husstand
K122609,K106045,husstand
K114845,K136373,husstand
K110100,K129699,husstand
K132611,K135377,husstand
K106082,K110452,husstand
K139785,K122438,husstand
K139749,K104149,husstand
K123848,K127745,husstand
K130375,K104693,husstand
K116711,K125910,husstand
K129798,K124625,medlaantaker
K138751,K118090,medlaantaker
K102305,K129111,medlaantaker
K134350,K137781,medlaantaker
K120487,K105821,husstand
K130147,K121444,husstand
K130069,K116131,husstand
K117250,K121631,husstand
K100903,K110922,medlaantaker
K138380,K112976,husstand
K110299,K113964,husstand
K139560,K106163,husstand
K105558,K137188,husstand
K102634,K128200,husstand
K129093,K136261,husstand
K128567,K133883,husstand
K129627,K120200,husstand
K110441,K105877,husstand
K114415,K116241,husstand
K137139,K137071,husstand
K123392,K134616,medlaantaker
K121864,K129277,medlaantaker
K118589,K136181,husstand
K110889,K132789,husstand
K121312,K113908,husstand
K111779,K111158,husstand
K138185,K121105,husstand
K113661,K125108,husstand
K125709,K123826,husstand
K103938,K139843,husstand
K114429,K135804,husstand
K101203,K103663,medlaantaker
K139770,K127656,husstand
K101954,K120361,husstand
K136860,K103028,husstand
K115660,K124611,husstand
K113216,K126793,husstand
K114686,K120325,husstand
K136524,K118452,medlaantaker
K135228,K112153,medlaantaker
K129881,K116492,husstand
K100544,K126278,husstand
K103261,K113142,husstand
K135567,K125109,husstand
K112894,K107285,husstand
K113333,K104223,husstand
K129308,K101940,medlaantaker
K135225,K135605,husstand
K115886,K106654,husstand
K118853,K104224,husstand
K135716,K126190,husstand
K103670,K114835,medlaantaker
K101696,K112433,husstand
K123258,K107121,medlaantaker
K124577,K135948,husstand
K109667,K126283,husstand
K117539,K117547,husstand
K126635,K120854,husstand
K126103,K139757,husstand
K114683,K123330,medlaantaker
K107223,K122603,husstand
K111204,K102241,husstand
K119018,K121523,husstand
K126418,K111221,husstand
K126290,K102598,husstand
K118889,K106635,husstand
K105636,K131758,husstand
K107927,K128972,husstand
K137148,K135923,husstand
K138360,K109401,medlaantaker
K100568,K110398,medlaantaker
K125559,K116658,medlaantaker
K104960,K123511,husstand
K130315,K112370,medlaantaker
K132316,K106852,husstand
K129084,K129514,husstand
K121828,K137338,husstand
K101757,K133400,husstand
K133284,K110369,husstand
K117971,K109320,husstand
K111583,K119747,husstand
K120602,K126596,husstand
K105674,K127997,husstand
K124904,K127995,medlaantaker
K100374,K128326,husstand
K127894,K119847,medlaantaker
K109907,K115669,medlaantaker
K122900,K130161,husstand
K102616,K114625,husstand
K113506,K118690,husstand
K100503,K120099,husstand
K116477,K137925,husstand
K129860,K118796,husstand
K118025,K134464,husstand
K124525,K114286,husstand
K110820,K138379,medlaantaker
K114603,K139928,husstand
K110105,K118858,husstand
K127990,K105852,medlaantaker
K102890,K130516,husstand
K136458,K111958,husstand
K135913,K111512,husstand
K115857,K112819,husstand
K110719,K121908,husstand
K120982,K139485,husstand
K109284,K131636,husstand
K135711,K139828,husstand
K134425,K101571,husstand
K133375,K108250,medlaantaker
K121280,K122630,husstand
K116365,K137963,husstand
K103027,K106158,husstand
K104419,K138792,medlaantaker
K134999,K117998,husstand
K130290,K101882,husstand
K137078,K135488,husstand
K117594,K110077,husstand
K137714,K114390,husstand
K122683,K123241,husstand
K119492,K123735,medlaantaker
K117191,K136563,husstand
K133379,K104626,husstand
K137390,K126201,husstand
K101250,K119022,husstand
K133824,K119985,husstand
K111570,K120928,husstand
K131378,K108137,husstand
K112839,K106706,medlaantaker
K127171,K102579,husstand
K101627,K106092,husstand
K133434,K110138,husstand
K103315,K138880,husstand
K113440,K107483,husstand
K112671,K122057,husstand
K115212,K109005,husstand
K116421,K109715,husstand
K115735,K126640,husstand
K133048,K131870,husstand
K117788,K135342,husstand
K128445,K123160,husstand
K110941,K103031,medlaantaker
K137516,K126294,medlaantaker
K113299,K123708,husstand
K102854,K124682,husstand
K126818,K130417,medlaantaker
K118552,K128456,husstand
K115516,K102674,medlaantaker
K115961,K134197,husstand
K114622,K103971,husstand
K137037,K112687,husstand
K107044,K127859,husstand
K108200,K122922,husstand
K111988,K139396,husstand
K119757,K123215,husstand
K125952,K100081,medlaantaker
K118932,K135955,medlaantaker
K130170,K113493,husstand
K102513,K116632,husstand
K136084,K127528,husstand
K110371,K136285,medlaantaker
K134870,K130619,husstand
K134939,K102611,husstand
K129233,K128898,husstand
K123850,K137064,medlaantaker
K116891,K103331,husstand
K124159,K127131,husstand
K127639,K127549,husstand
K105869,K139086,husstand
K132319,K134298,medlaantaker
K134321,K137899,medlaantaker
K102905,K128032,medlaantaker
K132740,K119641,husstand
K100226,K139690,husstand
K139660,K129613,medlaantaker
K107261,K131221,husstand
K128585,K126085,husstand
K136441,K133090,husstand
K125876,K104283,husstand
K119661,K134685,husstand
K115579,K122789,husstand
K120753,K128297,husstand
K120606,K111924,husstand
K122126,K119467,husstand
K128658,K117123,medlaantaker
K120675,K113393,husstand
K136380,K128075,husstand
K133576,K136958,husstand
K113374,K106439,medlaantaker
K111905,K101868,husstand
K114438,K127875,medlaantaker
K114019,K122863,husstand
K101060,K111140,husstand
K132598,K109769,husstand
K103656,K133368,medlaantaker
K109615,K116452,husstand
K129954,K102222,husstand
K125504,K121798,husstand
K128291,K108163,husstand
K118010,K103835,husstand
K112885,K128873,husstand
K125826,K127326,husstand
K107530,K128087,husstand
K101689,K117352,husstand
K100312,K115699,medlaantaker
K136672,K114330,medlaantaker
K123537,K106026,medlaantaker
K123884,K117779,husstand
K123545,K132529,medlaantaker
K103742,K130752,husstand
K134918,K138528,husstand
K124099,K138666,husstand
K104285,K120202,husstand
K118086,K135098,husstand
K127476,K119220,medlaantaker
K108039,K130056,husstand
K103222,K104740,husstand
K108826,K113880,husstand
K118787,K100187,husstand
K105629,K139362,husstand
K112083,K125600,husstand
K120658,K100668,medlaantaker
K112689,K112134,husstand
K125444,K105005,medlaantaker
K125970,K122244,husstand
K111822,K103808,medlaantaker
K124040,K113746,husstand
K129112,K100560,husstand
K130880,K102459,medlaantaker
K102824,K118936,medlaantaker
K113237,K104837,husstand
K113940,K135022,husstand
K124676,K137089,husstand
K133666,K108194,husstand
K107174,K137373,husstand
K116262,K135857,husstand
K127716,K105440,husstand
K136494,K118956,husstand
K114420,K122557,husstand
K104286,K128516,medlaantaker
K128348,K128593,husstand
K128135,K137892,husstand
K137638,K123302,medlaantaker
K113593,K111754,husstand
K112285,K129756,husstand
K136312,K115512,husstand
K125786,K133844,medlaantaker
K102440,K103653,husstand
K124270,K139241,husstand
K125082,K131100,husstand
K105900,K122874,husstand
K125564,K131798,husstand
K114165,K117888,husstand
K139948,K127719,husstand
K104562,K111082,husstand
K104523,K106652,medlaantaker
K105028,K138348,husstand
K120455,K133648,husstand
K117761,K126929,medlaantaker
K102087,K132236,husstand
K113729,K118904,husstand
K137149,K115630,husstand
K112779,K112893,medlaantaker
K133364,K138720,husstand
K119212,K125797,medlaantaker
K109234,K106126,husstand
K129574,K110425,husstand
K111679,K125370,husstand
K123542,K113388,husstand
K103747,K119991,medlaantaker
K128916,K120474,husstand
K135433,K107576,husstand
K120237,K105799,husstand
K105324,K131649,husstand
K104938,K113780,husstand
K129589,K123414,husstand
K120650,K120711,husstand
K125605,K105341,medlaantaker
K124650,K113682,husstand
K119579,K114879,husstand
K104560,K110913,husstand
K102171,K135184,husstand
K115811,K121379,husstand
K134127,K128532,medlaantaker
K110401,K127922,husstand
K127103,K110608,husstand
K128891,K139905,medlaantaker
K130538,K113063,medlaantaker
K137208,K105695,husstand
K135898,K100460,husstand
K126348,K136175,husstand
K137478,K117432,husstand
K118231,K136431,husstand
K121224,K122795,husstand
K102501,K125655,husstand
K133191,K110396,husstand
K120841,K115356,husstand
K131946,K113899,husstand
K126846,K117815,husstand
K124284,K108735,husstand
K134768,K127977,husstand
K103621,K134818,husstand
K139515,K132507,husstand
K134575,K102610,husstand
K116049,K134274,husstand
K123043,K134777,medlaantaker
K103235,K106063,husstand
K112719,K127807,husstand
K118154,K108862,husstand
K120492,K113183,husstand
K129792,K129767,medlaantaker
K111990,K116893,husstand
K112989,K107199,husstand
K114354,K116090,medlaantaker
K104567,K110570,medlaantaker
K121870,K133986,husstand
K124188,K116068,husstand
K128147,K128397,husstand
K136902,K138195,husstand
K119403,K103231,husstand
K113571,K129733,husstand
K113815,K138830,husstand
K113936,K120201,husstand
K126779,K119599,medlaantaker
K135099,K121736,husstand
K108414,K120406,husstand
K121437,K131933,husstand
K115306,K108112,husstand
K137362,K121773,husstand
K111669,K104540,husstand
K114181,K102450,medlaantaker
K132995,K128073,husstand
K119240,K132354,medlaantaker
K107993,K107152,husstand
K107388,K101795,husstand
K120172,K115450,medlaantaker
K121855,K111015,husstand
K112434,K138738,medlaantaker
K126857,K130599,medlaantaker
K106698,K131102,husstand
K118281,K117936,husstand
K132670,K131592,husstand
K130063,K123614,husstand
K137720,K121638,medlaantaker
K103189,K104846,husstand
K125030,K111790,husstand
K113894,K108545,husstand
K122663,K100489,husstand
K104417,K123228,medlaantaker
K101653,K132005,husstand
K102269,K138509,husstand
K105102,K131363,husstand
K117327,K121700,husstand
K105130,K114401,husstand
K134697,K126875,medlaantaker
K115702,K131598,husstand
K101430,K100811,husstand
K121584,K104010,medlaantaker
K115087,K110074,husstand
K131871,K130608,husstand
K133456,K129633,medlaantaker
K103044,K113349,medlaantaker
K110218,K138187,husstand
K122691,K100716,husstand
K133600,K120229,medlaantaker
K106651,K135034,husstand
K124216,K109897,husstand
K131969,K114693,husstand
K135294,K124014,husstand
K116488,K131942,husstand
K114486,K123481,husstand
K130141,K113331,husstand
K119186,K132931,medlaantaker
K128931,K109093,husstand
K115725,K123611,husstand
K114822,K103942,husstand
K119463,K115417,husstand
K104861,K116057,medlaantaker
K101883,K106044,husstand
K121948,K122847,husstand
K125779,K123198,medlaantaker
K132149,K114148,husstand
K105672,K129383,husstand
K137090,K106229,husstand
K135815,K110796,husstand
K136803,K116497,husstand
K119323,K124420,husstand
K129622,K116061,husstand
K104570,K131278,husstand
K131320,K122109,medlaantaker
K129291,K129847,husstand
K132970,K101452,husstand
K137545,K101085,husstand
K134527,K112063,husstand
K119012,K116921,husstand
K135862,K100896,husstand
K127829,K122323,husstand
K111555,K139847,medlaantaker
K101869,K123484,husstand
K100485,K109564,medlaantaker
K108087,K111252,husstand
K136684,K131968,husstand
K110255,K121512,husstand
K130883,K107064,husstand
K130920,K135329,husstand
K118774,K118253,husstand
K134673,K128509,medlaantaker
K119290,K120649,husstand
K105760,K100045,husstand
K120473,K113653,husstand
K133754,K137616,husstand
K100988,K107640,husstand
K129439,K116222,medlaantaker
K104092,K101721,husstand
K104487,K114222,husstand
K106136,K111921,husstand
K125169,K119566,husstand
K137124,K121012,husstand
K109747,K129040,husstand
K124655,K128783,husstand
K134326,K101048,husstand
K132785,K105897,husstand
K128952,K128220,medlaantaker
K118643,K112251,husstand
K114615,K133070,husstand
K110548,K110124,husstand
K102870,K122665,medlaantaker
K100936,K135252,husstand
K115185,K133152,husstand
K128594,K100136,husstand
K109526,K118174,husstand
K131500,K108705,husstand
K101980,K117199,husstand
K126202,K120789,husstand
K115133,K100726,husstand
K128300,K113788,husstand
K112829,K114328,husstand
K120333,K110292,husstand
K133658,K106145,husstand
K107597,K113348,husstand
K129017,K107946,husstand
K127672,K111701,husstand
K131624,K130882,medlaantaker
K118291,K127412,husstand
K111184,K126179,husstand
K110242,K102662,husstand
K101545,K124740,medlaantaker
K107295,K130194,husstand
K128017,K104511,husstand
K137642,K111558,husstand
K122147,K114494,husstand
K117638,K137135,husstand
K133879,K108330,husstand
K129546,K112824,husstand
K124560,K135809,husstand
K122162,K113191,husstand
K117180,K110437,husstand
K133759,K137872,husstand
K101416,K134257,husstand
K135230,K137528,husstand
K116606,K103344,husstand
K102363,K110315,husstand
K120554,K124731,husstand
K108650,K124162,husstand
K124715,K102247,husstand
K124778,K133170,husstand
K109580,K137279,husstand
K103468,K109980,medlaantaker
K122130,K130647,medlaantaker
K104660,K114381,husstand
K103925,K132432,medlaantaker
K116466,K121179,husstand
K107646,K134944,husstand
K129890,K103040,husstand
K107792,K106897,husstand
K133260,K102717,husstand
K132334,K128819,medlaantaker
K134761,K135570,medlaantaker
K110457,K115319,husstand
K124585,K138729,husstand
K128206,K127375,husstand
K125759,K124871,husstand
K137185,K137404,medlaantaker
K136940,K129417,husstand
K133867,K125629,husstand
K111948,K124642,husstand
K104667,K119386,husstand
K113806,K135800,husstand
K104076,K104440,husstand
K136537,K102249,husstand
K121356,K129559,husstand
K124327,K135639,husstand
K116169,K112386,husstand
K121772,K100073,husstand
K112610,K102438,husstand
K119211,K124774,husstand
K118635,K122318,husstand
K130840,K122216,husstand
K132674,K139676,husstand
K104762,K119631,husstand
K138173,K129785,husstand
K127483,K139141,medlaantaker
K112939,K108768,husstand
K110512,K116530,husstand
K119017,K117023,husstand
K131892,K126519,husstand
K119131,K106458,husstand
K102664,K105231,husstand
K106468,K132958,husstand
K122235,K116519,husstand
K130244,K136235,husstand
K127739,K106749,husstand
K100225,K132652,husstand
K118965,K124775,husstand
K134236,K135117,husstand
K135805,K101187,husstand
K128999,K118226,husstand
K132441,K135111,medlaantaker
K117954,K119491,husstand
K132293,K129526,husstand
K113407,K111809,husstand
K109610,K138456,husstand
K122228,K130710,husstand
K110033,K120644,husstand
K101821,K121674,husstand
K131095,K103119,medlaantaker
K112462,K124851,husstand
K124486,K132576,husstand
K133801,K131740,husstand
K138606,K105449,husstand
K117033,K114717,medlaantaker
K103526,K105457,husstand
K136157,K106872,husstand
K136666,K135687,husstand
K127455,K134174,medlaantaker
K132009,K136912,husstand
K113676,K119997,husstand
K139059,K113189,husstand
K121776,K122781,husstand
K124659,K115038,husstand
K103025,K111668,medlaantaker
K111594,K107018,husstand
K129189,K138473,husstand
K118735,K107898,husstand
K102671,K103943,husstand
K138973,K100199,medlaantaker
K117444,K109213,husstand
K121240,K126858,husstand
K135966,K106392,husstand
K113013,K127629,husstand
K127258,K121396,husstand
K106549,K134114,husstand
K138575,K101637,medlaantaker
K130350,K136386,husstand
K121317,K100348,husstand
K136776,K107978,husstand
K113924,K102080,husstand
K118733,K102783,husstand
K125679,K129337,husstand
K139400,K128531,medlaantaker
K114285,K134969,husstand
K130468,K119377,husstand
K107106,K126322,husstand
K109460,K121671,medlaantaker
K119970,K116594,medlaantaker
K103669,K133589,medlaantaker
K115872,K110525,husstand
K127508,K131144,husstand
K139615,K119311,husstand
K120296,K130427,husstand
K103578,K120977,husstand
K136082,K135399,husstand
K123792,K110421,husstand
K114040,K138304,medlaantaker
K100609,K117001,husstand
K107603,K138614,husstand
K132808,K100095,husstand
K106982,K100065,medlaantaker
K121756,K125035,husstand
K139035,K138217,husstand
K103560,K128151,medlaantaker
K128669,K116811,husstand
K110000,K130276,husstand
K125252,K122510,husstand
K138956,K110108,husstand
K110145,K101034,husstand
K101220,K108720,medlaantaker
K114377,K131960,medlaantaker
K119371,K104387,medlaantaker
K131817,K108245,husstand
K129866,K135160,medlaantaker
K120353,K128260,medlaantaker
K109207,K107507,husstand
K131412,K113810,husstand
K124369,K102356,husstand
K116794,K139565,medlaantaker
K109757,K118450,husstand
K115444,K131256,husstand
K119086,K131887,husstand
K101046,K129454,husstand
K139712,K139543,husstand
K118773,K113905,husstand
K131831,K127633,husstand
K136800,K126402,medlaantaker
K132344,K121328,medlaantaker
K117662,K112810,husstand
K110850,K103874,husstand
K100401,K130460,medlaantaker
K118405,K120421,husstand
K122674,K109492,husstand
K123827,K122880,husstand
K122090,K108056,husstand
K114922,K129402,husstand
K131694,K137836,husstand
K127669,K113584,husstand
K126906,K104786,husstand
K128542,K128475,husstand
K105859,K129731,husstand
K135680,K128409,husstand
K134568,K125981,husstand
K125951,K104959,husstand
K131615,K119584,husstand
K128435,K117693,husstand
K119784,K110277,husstand
K114727,K108935,husstand
K109797,K107057,husstand
K105256,K120667,husstand
K122265,K108980,medlaantaker
K124946,K117544,husstand
K110135,K112761,husstand
K115282,K137636,husstand
K113358,K124468,medlaantaker
K100121,K114166,husstand
K120504,K126534,husstand
K136339,K122225,husstand
K128153,K129915,husstand
K131283,K130269,husstand
K117830,K101861,husstand
K137435,K102872,husstand
K113465,K106595,husstand
K127537,K122884,husstand
K130671,K104050,husstand
K103091,K103017,medlaantaker
K132688,K139053,husstand
K127776,K137104,husstand
K138747,K108950,medlaantaker
K112887,K111316,husstand
K126033,K105849,husstand
K125706,K131108,husstand
K123404,K110654,husstand
K105425,K118967,husstand
K115510,K131523,medlaantaker
K139861,K125380,medlaantaker
K135002,K113723,husstand
K134329,K114709,husstand
K101045,K139961,husstand
K124319,K132969,husstand
K136588,K103104,medlaantaker
K129816,K109914,husstand
K100068,K131003,medlaantaker
K131688,K107844,husstand
K126384,K112851,medlaantaker
K125898,K138665,husstand
K102849,K128480,husstand
K114920,K112098,husstand
K128692,K131169,husstand
K101934,K110409,husstand
K129149,K113727,husstand
K125129,K117866,medlaantaker
K115168,K112322,husstand
K133683,K106611,husstand
K130856,K100604,husstand
K135766,K128747,husstand
K138791,K104893,medlaantaker
K137691,K107299,husstand
K132342,K120953,husstand
K126172,K118720,husstand
K120484,K135884,husstand
K120390,K126491,husstand
K115181,K108278,husstand
K119549,K122245,husstand
K101369,K132069,husstand
K118130,K129213,husstand
K131908,K114453,husstand
K130709,K104921,medlaantaker
K117222,K130837,medlaantaker
K103723,K129240,husstand
K120722,K125680,husstand
K114821,K113127,husstand
K125053,K114672,husstand
K110828,K107421,husstand
K111768,K119841,medlaantaker
K134840,K139030,husstand
K100048,K102970,medlaantaker
K112869,K139977,husstand
K135417,K111816,husstand
K108287,K133590,husstand
K124565,K138316,husstand
K129606,K130983,husstand
K133864,K109435,medlaantaker
K123438,K108804,husstand
K129211,K115247,husstand
K118433,K112799,husstand
K112536,K100832,medlaantaker
K124504,K124324,husstand
K138780,K136877,husstand
K131668,K133473,medlaantaker
K128732,K128035,medlaantaker
K104772,K124427,husstand
K118436,K126193,husstand
K118152,K129205,husstand
K107474,K109312,husstand
K101708,K121942,husstand
K122322,K117265,husstand
K111374,K107379,husstand
K108896,K104302,husstand
K121126,K113620,medlaantaker
K118576,K125958,husstand
K111040,K103904,husstand
K138160,K137127,husstand
K121987,K105968,medlaantaker
K135474,K104206,husstand
K108429,K139644,husstand
K124899,K131665,husstand
K105801,K138179,husstand
K123361,K134719,husstand
K122198,K135429,husstand
K107231,K121259,husstand
K107303,K102833,husstand
K115694,K139196,husstand
K136325,K111576,husstand
K104021,K137291,husstand
K118895,K121189,husstand
K107795,K111426,husstand
K126926,K135000,husstand
K113539,K109587,husstand
K120900,K102102,husstand
K135021,K128112,husstand
K105591,K109525,husstand
K101714,K106400,husstand
K108753,K137200,husstand
K123780,K118162,medlaantaker
K119308,K113950,husstand
K101290,K112267,husstand
K106169,K115843,medlaantaker
K112551,K121273,husstand
K103845,K135876,husstand
K110618,K129656,medlaantaker
K138787,K123905,husstand
K122626,K138477,husstand
K106614,K131559,husstand
K132253,K107753,medlaantaker
K101244,K109508,medlaantaker
K107612,K134838,husstand
K124433,K132533,husstand
K122071,K113898,medlaantaker
K112084,K116737,husstand
K132125,K129470,husstand
K101970,K125844,husstand
K112175,K105565,husstand
K116018,K111592,husstand
K110699,K131021,husstand
K132001,K130953,husstand
K103126,K137253,husstand
K135924,K132544,husstand
K107872,K110715,medlaantaker
K124010,K120217,husstand
K100627,K110853,husstand
K130356,K121979,husstand
K119420,K120065,husstand
K105485,K105944,husstand
K102891,K138903,husstand
K128303,K130971,medlaantaker
K107019,K103612,husstand
K102997,K130832,medlaantaker
K128389,K132244,husstand
K133950,K115604,husstand
K112091,K135609,husstand
K101942,K139191,husstand
K107182,K134716,husstand
K123037,K119154,husstand
K126422,K125938,husstand
K114039,K137317,medlaantaker
K126560,K135451,medlaantaker
K102364,K121344,husstand
K123165,K114096,husstand
K120783,K138947,medlaantaker
K111170,K136204,husstand
K109134,K108793,medlaantaker
K138598,K110688,husstand
K114435,K135242,husstand
K123143,K118295,husstand
K117410,K123592,husstand
K107432,K132494,medlaantaker
K137389,K101114,husstand
K103354,K125947,husstand
K135607,K108334,husstand
K107815,K131848,husstand
K109991,K137557,medlaantaker
K138461,K116666,medlaantaker
K136698,K102672,husstand
K106838,K128844,husstand
K132016,K105768,husstand
K118985,K128810,husstand
K137326,K119766,medlaantaker
K104631,K125059,husstand
K120805,K132238,medlaantaker
K102721,K132750,husstand
K132814,K121148,husstand
K109379,K101268,husstand
K100074,K107878,husstand
K108889,K135227,medlaantaker
K102314,K102103,husstand
K123720,K106994,husstand
K100868,K119855,husstand
K105882,K104735,husstand
K131714,K108660,husstand
K129388,K120318,husstand
K122141,K124493,husstand
K133460,K133339,husstand
K119861,K104398,husstand
K123070,K113082,husstand
K110876,K129315,husstand
K109720,K135794,husstand
K127084,K105751,husstand
K130404,K137710,medlaantaker
K130910,K133481,husstand
K134872,K119743,medlaantaker
K119456,K127099,husstand
K129318,K131827,husstand
K112342,K130642,husstand
K116115,K115637,husstand
K122532,K130117,medlaantaker
K123713,K139328,husstand
K129378,K107619,husstand
K125653,K122523,husstand
K118200,K109404,husstand
K136714,K111496,husstand
K126990,K104582,husstand
K114146,K118603,husstand
K129524,K136219,husstand
K139068,K115555,medlaantaker
K138201,K125077,husstand
K127433,K115466,medlaantaker
K106726,K124044,husstand
K132710,K116304,husstand
K119187,K122011,husstand
K113748,K106690,husstand
K115436,K115919,husstand
K106780,K106331,husstand
K133970,K102728,husstand
K117137,K123096,husstand
K129399,K133046,medlaantaker
K112792,K109732,husstand
K118066,K134075,husstand
K106254,K103685,husstand
K138648,K131262,husstand
K113155,K133758,husstand
K121535,K124849,husstand
K118644,K112111,husstand
K111327,K132375,husstand
K111284,K135259,husstand
K104131,K113308,husstand
K139946,K119731,husstand
K122565,K139437,husstand
K133349,K114335,medlaantaker
K110223,K124316,husstand
K121168,K120332,husstand
K112693,K121965,husstand
K139009,K106348,medlaantaker
K114109,K112831,husstand
K124558,K101122,medlaantaker
K122054,K104244,medlaantaker
K119583,K131170,husstand
K121102,K105083,husstand
K123876,K123350,husstand
K109445,K101525,husstand
K132254,K124088,husstand
K104649,K119617,husstand
K124616,K123552,husstand
K133353,K128821,medlaantaker
K117208,K120311,medlaantaker
K100100,K103950,husstand
K131463,K108041,husstand
K139469,K103451,husstand
K107543,K120417,husstand
K135369,K135900,medlaantaker
K128814,K124412,husstand
K128289,K139036,husstand
K120388,K105561,medlaantaker
K127098,K108297,husstand
K115151,K104656,husstand
K130740,K134229,medlaantaker
K124181,K119581,medlaantaker
K114162,K122337,husstand
K109686,K116250,husstand
K138433,K138302,husstand
K128428,K123844,husstand
K102888,K131961,medlaantaker
K129508,K101505,husstand
K101565,K102480,husstand
K123101,K117913,husstand
K135977,K128097,husstand
K109501,K135390,husstand
K118844,K131713,husstand
K115576,K139058,husstand
K126272,K127166,medlaantaker
K138059,K118160,medlaantaker
K115665,K112877,medlaantaker
K124546,K139295,husstand
K122416,K110241,medlaantaker
K112938,K118087,medlaantaker
K129709,K127275,medlaantaker
K125877,K106514,husstand
K138823,K138535,husstand
K116747,K128629,husstand
K111537,K114890,husstand
K121996,K134668,husstand
K137566,K120267,husstand
K136862,K116510,husstand
K107618,K108536,husstand
K111726,K125293,husstand
K121177,K139321,husstand
K131586,K127280,medlaantaker
K131978,K110522,medlaantaker
K103833,K136504,husstand
K130798,K120744,husstand
K131594,K137663,husstand
K121239,K125726,husstand
K117146,K137837,medlaantaker
K110982,K126423,husstand
K132796,K123604,husstand
K117263,K134797,husstand
K122022,K136388,husstand
K121581,K128796,husstand
K122837,K122773,husstand
K109109,K112519,husstand
K133435,K135363,medlaantaker
K112006,K125693,medlaantaker
K104784,K117416,husstand
K112506,K109381,husstand
K129626,K106661,husstand
K134513,K135768,husstand
K131830,K100008,medlaantaker
K122991,K139885,husstand
K119916,K115157,medlaantaker
K105713,K125828,husstand
K139144,K122182,husstand
K138722,K120400,husstand
K124666,K109052,husstand
K135452,K136108,husstand
K130365,K138650,husstand
K113874,K101301,husstand
K119230,K124098,husstand
K126624,K115944,husstand
K135895,K127273,husstand
K116430,K108629,husstand
K119149,K129823,medlaantaker
K116920,K112423,medlaantaker
K107896,K118535,medlaantaker
K108972,K139787,husstand
K125402,K118588,husstand
K128641,K110790,husstand
K117969,K118645,husstand
K108997,K134256,husstand
K126784,K100200,husstand
K117160,K116607,husstand
K137296,K100517,medlaantaker
K134601,K113603,husstand
K110310,K128877,husstand
K114123,K138116,husstand
K123356,K128243,husstand
K135625,K115690,husstand
K102531,K138048,husstand
K115850,K134448,husstand
K110725,K112215,husstand
K108283,K114269,husstand
K128965,K113061,husstand
K110230,K136744,husstand
K108698,K130711,husstand
K119380,K115366,medlaantaker
K116643,K119931,husstand
K138386,K132919,medlaantaker
K119779,K116609,husstand
K110379,K131386,husstand
K113622,K113627,husstand
K118378,K114587,husstand
K125034,K111839,husstand
K117597,K126083,husstand
K133935,K135307,husstand
K123020,K130238,husstand
K106877,K104064,husstand
K138087,K114823,husstand
K137095,K114110,medlaantaker
K129225,K124278,medlaantaker
K132553,K136925,husstand
K109925,K109363,medlaantaker
K106677,K100861,husstand
K139227,K117896,husstand
K117694,K115861,husstand
K130779,K106427,medlaantaker
K131468,K137308,husstand
K111625,K131599,husstand
K114677,K133437,husstand
K119282,K105189,husstand
K111130,K116342,husstand
K126108,K139989,husstand
K112734,K107709,medlaantaker
K116987,K137672,husstand
K105758,K111174,medlaantaker
K113756,K133009,medlaantaker
K116754,K103581,husstand
K133548,K128405,husstand
K102715,K136710,husstand
K131796,K123766,husstand
K116343,K104402,husstand
K125948,K118696,husstand
K109602,K138241,medlaantaker
K135868,K122777,husstand
K129636,K109709,husstand
K124120,K131589,husstand
K116315,K118991,husstand
K117384,K132577,medlaantaker
K137287,K138533,husstand
K113772,K125507,husstand
K138876,K102806,medlaantaker
K133057,K117038,husstand
K122079,K101391,husstand
K129208,K122261,husstand
K135685,K112042,husstand
K128937,K126500,husstand
K109873,K112726,husstand
K125603,K129114,husstand
K105017,K128169,husstand
K119438,K128244,husstand
K132318,K118759,husstand
K107886,K105407,husstand
K110712,K138611,husstand
K118540,K125393,husstand
K109748,K125659,husstand
K130367,K104870,husstand
K105884,K127428,husstand
K112230,K130154,husstand
K126917,K107514,husstand
K113879,K125967,husstand
K135686,K106251,husstand
K123308,K128230,medlaantaker
K136596,K134140,medlaantaker
K102439,K128048,medlaantaker
K135648,K110950,medlaantaker
K108248,K105907,husstand
K105453,K130159,husstand
K103755,K102354,husstand
K138527,K124239,husstand
K100013,K114906,husstand
K124868,K123124,husstand
K133730,K138898,husstand
K124801,K100691,husstand
K114250,K103766,medlaantaker
K113509,K103389,husstand
K113263,K133993,husstand
K120574,K110952,husstand
K129960,K124717,husstand
K136749,K104424,husstand
K139740,K129100,husstand
K139886,K102201,medlaantaker
K112254,K117745,husstand
K118179,K136124,husstand
K134063,K114448,husstand
K110834,K139991,husstand
K106446,K108818,husstand
K139874,K137311,husstand
K119711,K110531,husstand
K133073,K135392,husstand
K118709,K109248,husstand
K137058,K116703,husstand
K106844,K102149,husstand
K116354,K122872,husstand
K124925,K113037,medlaantaker
K109756,K116914,husstand
K112749,K119174,medlaantaker
K119552,K125196,husstand
K102366,K133767,husstand
K121894,K134173,husstand
K139338,K126049,husstand
K111273,K117188,husstand
K132266,K126663,medlaantaker
K136503,K135844,medlaantaker
K110406,K116366,husstand
K121652,K121619,husstand
K110018,K120561,husstand
K138931,K121891,husstand
K106894,K118220,husstand
K139404,K109365,husstand
K112479,K139664,medlaantaker
K124362,K135366,husstand
K109426,K115308,husstand
K121098,K107314,husstand
K105384,K118438,husstand
K135362,K131296,husstand
K100828,K120207,medlaantaker
K104225,K122212,husstand
K138336,K134009,husstand
K138990,K134633,husstand
K112789,K108492,husstand
K128463,K124492,husstand
K126507,K112574,husstand
K106201,K107317,husstand
K116830,K103015,husstand
K120101,K132162,medlaantaker
K100869,K119967,medlaantaker
K107195,K107608,husstand
K106990,K128016,husstand
K117133,K123387,husstand
K118332,K122959,husstand
K118007,K110667,husstand
K132889,K107884,husstand
K124237,K118798,husstand
K128343,K114943,husstand
K109346,K119943,husstand
K133639,K126217,husstand
K139653,K126740,husstand
K108007,K112425,husstand
K117974,K130378,husstand
K119184,K101493,husstand
K119658,K106563,medlaantaker
K114546,K122429,medlaantaker
K124132,K108237,husstand
K107699,K123632,husstand
K106311,K107944,husstand
K129026,K139724,husstand
K134529,K106788,medlaantaker
K123278,K106038,husstand
K108424,K106084,husstand
K104477,K137755,husstand
K118005,K112535,husstand
K119315,K136104,husstand
K121769,K134724,husstand
K108611,K112110,husstand
K139643,K115210,husstand
K122538,K126224,medlaantaker
K117557,K130962,husstand
K138448,K129698,husstand
K115615,K105095,husstand
K110426,K103359,husstand
K108221,K102057,husstand
K113720,K118786,husstand
K112224,K135037,medlaantaker
K130362,K109713,husstand
K138414,K138832,husstand
K133819,K120776,husstand
K118653,K121195,husstand
K111637,K112578,husstand
K112051,K135791,husstand
K124426,K127569,husstand
K111807,K102614,medlaantaker
K118674,K117501,medlaantaker
K108597,K131369,husstand
K106571,K127646,husstand
K132724,K117058,husstand
K107748,K129052,husstand
K116895,K108185,husstand
K129720,K129165,husstand
K132631,K106146,medlaantaker
K134216,K114924,medlaantaker
K110320,K123938,husstand
K138771,K103928,husstand
K136868,K107975,husstand
K128198,K119327,medlaantaker
K114350,K137980,husstand
K135325,K111318,husstand
K127254,K130000,husstand
K127175,K103886,husstand
K119335,K126802,husstand
K118208,K139526,husstand
K127614,K106942,husstand
K120870,K108523,husstand
K127471,K101178,husstand
K135327,K117002,husstand
K107768,K115459,husstand
K103877,K114293,husstand
K132974,K109142,husstand
K119182,K127022,medlaantaker
K114962,K133041,husstand
K110762,K133249,husstand
K104101,K108418,husstand
K135733,K138564,medlaantaker
K112173,K109485,medlaantaker
K103439,K109319,husstand
K105444,K109256,medlaantaker
K100597,K110544,husstand
K124910,K109796,medlaantaker
K130074,K114421,husstand
K111995,K103288,husstand
K138989,K126349,husstand
K134149,K109607,husstand
K109637,K133115,husstand
K112731,K113264,medlaantaker
K102309,K103181,husstand
K111295,K128984,medlaantaker
K113273,K138329,husstand
K101461,K116613,husstand
K108111,K133067,medlaantaker
K124201,K131245,husstand
K102794,K110273,medlaantaker
K104752,K120519,husstand
K112281,K105087,medlaantaker
K117642,K112991,husstand
K130565,K139642,husstand
K102775,K116561,husstand
K139272,K124896,husstand
K115768,K105168,husstand
K131458,K100421,husstand
K134394,K131058,husstand
K106776,K130867,husstand
K117756,K123125,husstand
K106700,K126412,husstand
K106183,K111693,medlaantaker
K117050,K122888,husstand
K102250,K103740,husstand
K132597,K137375,medlaantaker
K121187,K136031,husstand
K117466,K134617,medlaantaker
K138608,K131026,husstand
K105551,K114858,husstand
K137358,K100575,husstand
K131443,K126527,husstand
K131083,K123869,medlaantaker
K133371,K129030,husstand
K127823,K115432,husstand
K125920,K131332,husstand
K135204,K109310,husstand
K108910,K130300,husstand
K135052,K122619,husstand
K122025,K116733,husstand
K103093,K139997,husstand
K134164,K109402,medlaantaker
K133319,K113560,husstand
K129781,K120307,husstand
K124367,K112526,husstand
K117633,K121479,husstand
K120327,K116005,medlaantaker
K100577,K134433,medlaantaker
K108582,K108850,husstand
K126323,K100321,medlaantaker
K115408,K133427,husstand
K107855,K118913,husstand
K107234,K103557,husstand
K110041,K114950,medlaantaker
K120179,K114138,medlaantaker
K124643,K104252,husstand
K121871,K108901,husstand
K126252,K117962,husstand
K116563,K122737,husstand
K104541,K134077,husstand
K135237,K114989,husstand
K121622,K120999,husstand
K130571,K139137,husstand
K118618,K105682,husstand
K114503,K135371,medlaantaker
K137341,K105903,husstand
K119064,K135166,husstand
K110697,K135082,husstand
K133955,K139150,husstand
K112008,K100246,husstand
K122448,K123637,husstand
K108576,K106364,husstand
K137077,K109930,husstand
K116565,K108989,husstand
K138590,K135224,husstand
K124208,K103506,medlaantaker
K112553,K136236,husstand
K122812,K120668,medlaantaker
K107904,K121459,husstand
K111107,K118149,husstand
K106098,K120049,husstand
K132702,K110944,husstand
K138647,K110054,husstand
K116908,K139047,husstand
K115184,K115812,husstand
K102601,K124365,medlaantaker
K111121,K105128,husstand
K109167,K138164,husstand
K134023,K103650,husstand
K119096,K133378,husstand
K104754,K123538,husstand
K122223,K129921,medlaantaker
K105103,K101522,husstand
K107511,K120771,medlaantaker
K117070,K115178,husstand
K101967,K118713,husstand
K124145,K112046,husstand
K135735,K135256,husstand
K106755,K110410,husstand
K106313,K124454,medlaantaker
K109639,K118270,husstand
K135059,K137271,medlaantaker
K126319,K136163,husstand
K108086,K114316,medlaantaker
K117598,K128273,husstand
K100727,K132817,husstand
K135079,K135608,husstand
K107225,K133613,husstand
K108667,K115955,husstand
K129813,K139638,husstand
K129041,K133320,husstand
K117269,K130949,husstand
K121759,K123863,husstand
K114343,K134198,husstand
K139302,K131962,husstand
K116417,K109156,husstand
K137285,K118446,husstand
K120398,K123866,husstand
K104669,K130152,husstand
K107595,K125120,husstand
K139964,K135958,husstand
K131166,K110202,medlaantaker
K132383,K125576,husstand
K100099,K111577,husstand
K107347,K120443,husstand
K126639,K121825,husstand
K111741,K134115,husstand
K103562,K132883,husstand
K129345,K100021,husstand
K105327,K115318,husstand
K119150,K125534,husstand
K112167,K130594,medlaantaker
K103325,K137934,husstand
K132896,K138213,husstand
K131038,K100709,husstand
K126851,K126227,husstand
K126118,K121930,husstand
K139480,K114321,husstand
K120629,K106799,husstand
K139314,K124450,husstand
K120611,K137544,husstand
K122487,K104596,medlaantaker
K136247,K137795,husstand
K132572,K126389,husstand
K125596,K131387,husstand
K139353,K138588,husstand
K118730,K115025,husstand
K106463,K131142,husstand
K139315,K106513,husstand
K139512,K107821,husstand
K102669,K102292,husstand
K129330,K104151,husstand
K108214,K127463,medlaantaker
K117367,K129253,husstand
K126666,K113423,husstand
K115004,K115401,husstand
K125620,K134133,husstand
K124378,K134801,husstand
K103440,K113550,medlaantaker
K135969,K135438,husstand
K131607,K119775,husstand
K129650,K139520,medlaantaker
K105246,K106416,medlaantaker
K131177,K128101,medlaantaker
K125117,K103380,husstand
K108979,K133216,husstand
K129634,K138644,medlaantaker
K100389,K106794,husstand
K103947,K106065,husstand
K118769,K106711,husstand
K135467,K117535,husstand
K136151,K124002,medlaantaker
K133242,K117480,husstand
K123564,K121300,husstand
K100075,K125067,medlaantaker
K125756,K131901,husstand
K111603,K137054,husstand
K128711,K137134,husstand
K138794,K124551,husstand
K102518,K133331,husstand
K126250,K119039,husstand
K125790,K118070,medlaantaker
K127014,K117619,husstand
K136893,K101837,husstand
K108945,K105193,husstand
K110990,K127086,husstand
K125079,K123093,husstand
K122642,K101078,husstand
K133120,K106825,husstand
K106008,K103212,medlaantaker
K128166,K139345,husstand
K126991,K134249,husstand
K104096,K117304,husstand
K137846,K137570,medlaantaker
K115232,K125395,husstand
K138742,K100735,husstand
K106546,K102737,medlaantaker
K139915,K109225,husstand
K129566,K102853,husstand
K128736,K135273,husstand
K115611,K132821,husstand
K133266,K134779,husstand
K128663,K133106,husstand
K102131,K115074,husstand
K137738,K106666,husstand
K134606,K133792,medlaantaker
K123102,K139552,husstand
K107097,K129873,husstand
K100844,K124491,medlaantaker
K124533,K108464,husstand
K109862,K137365,husstand
K114885,K124914,husstand
K100985,K121549,husstand
K109068,K128267,husstand
K118522,K133493,husstand
K119598,K132386,husstand
K118213,K124548,husstand
K128665,K101168,husstand
K131655,K124360,husstand
K113305,K110638,husstand
K101347,K128551,husstand
K125135,K116685,husstand
K105061,K118795,medlaantaker
K116060,K115416,husstand
K133825,K105911,husstand
K129640,K114331,husstand
K101724,K131502,husstand
K125971,K113639,husstand
K124952,K134253,medlaantaker
K120259,K123400,husstand
K121696,K125317,husstand
K102002,K135561,husstand
K124331,K101728,husstand
K137572,K116928,husstand
K123612,K101109,husstand
K122149,K108939,husstand
K110195,K105684,husstand
K114636,K131181,husstand
K131722,K115723,husstand
K117233,K115569,husstand
K125332,K134172,husstand
K119402,K121395,husstand
K113385,K105527,husstand
K136668,K110240,husstand
K119634,K105218,husstand
K138504,K119294,husstand
K109092,K128064,husstand
K117478,K122097,husstand
K133521,K132397,husstand
K124329,K137118,husstand
K123247,K138183,husstand
K121137,K111123,husstand
K139816,K105843,husstand
K131532,K109898,medlaantaker
K134180,K112617,medlaantaker
K131472,K121980,husstand
K103467,K134438,husstand
K135684,K102298,husstand
K107229,K106847,husstand
K124146,K115746,husstand
K111427,K110590,husstand
K130016,K113991,medlaantaker
K107885,K136802,husstand
K124881,K107436,husstand
K113486,K138067,medlaantaker
K118178,K133238,husstand
K120401,K110282,husstand
K131706,K111968,husstand
K111411,K128103,medlaantaker
K113329,K117066,medlaantaker
K110912,K120692,husstand
K116883,K127265,medlaantaker
K121850,K133459,husstand
K136916,K138769,husstand
K106676,K102982,husstand
K125846,K135348,husstand
K103447,K126694,husstand
K113774,K123682,husstand
K117036,K132175,husstand
K102264,K115367,husstand
K111110,K107460,husstand
K102714,K117959,husstand
K101854,K133155,husstand
K130393,K115262,medlaantaker
K133874,K129707,husstand
K121690,K125993,medlaantaker
K119218,K138816,husstand
K129316,K116834,husstand
K109340,K121525,medlaantaker
K124663,K123842,husstand
K128787,K121349,husstand
K123961,K126705,husstand
K135959,K114551,husstand
K119825,K109357,husstand
K123672,K105062,husstand
K104485,K113510,husstand
K135168,K116282,husstand
K138208,K111055,husstand
K106137,K117734,husstand
K128522,K102640,husstand
K106452,K126741,husstand
K135993,K125872,husstand
K119153,K112864,husstand
K104446,K113742,husstand
K124001,K109206,medlaantaker
K138402,K115781,husstand
K109635,K120642,husstand
K117345,K108955,husstand
K114318,K133563,husstand
K120132,K123426,husstand
K125369,K118923,husstand
K109422,K108763,husstand
K107131,K122312,husstand
K135263,K123429,husstand
K118204,K129897,medlaantaker
K130332,K138009,husstand
K116860,K134019,husstand
K110227,K105320,husstand
K139214,K120465,husstand
K139202,K107697,husstand
K124301,K101661,husstand
K117951,K108327,husstand
K111198,K115667,medlaantaker
K121567,K106730,husstand
K109578,K111641,husstand
K109476,K129129,husstand
K137877,K105671,husstand
K130001,K116404,husstand
K108510,K133158,husstand
K123012,K112642,husstand
K119372,K122424,medlaantaker
K139303,K134592,husstand
K138782,K127147,medlaantaker
K112956,K109270,medlaantaker
K112514,K105858,husstand
K101121,K131450,husstand
K110741,K120408,husstand
K136953,K124761,husstand
K121940,K127114,husstand
K116004,K114868,husstand
K116158,K123458,husstand
K124746,K108053,husstand
K111863,K103528,husstand
K127567,K117793,husstand
K126185,K100244,husstand
K117682,K104379,medlaantaker
K120262,K103143,husstand
K132476,K139781,medlaantaker
K118771,K105472,husstand
K127607,K122281,husstand
K118667,K105660,husstand
K139154,K106294,husstand
K109802,K115511,medlaantaker
K114487,K101984,husstand
K133632,K108218,husstand
K127786,K109432,husstand
K113150,K137007,husstand
K114699,K139436,husstand
K137683,K110538,medlaantaker
K108986,K117518,medlaantaker
K106667,K133763,husstand
K107393,K137969,medlaantaker
K113342,K122148,husstand
K114482,K133584,husstand
K130855,K106257,husstand
K101529,K127436,husstand
K118223,K100484,husstand
K136634,K134109,husstand
K114492,K112609,husstand
K139439,K110819,husstand
K122917,K122897,husstand
K102656,K127955,husstand
K118876,K113666,husstand
K136707,K118672,husstand
K114117,K113796,husstand
K118207,K131723,husstand
K136173,K115338,husstand
K118403,K128263,husstand
K134811,K106831,husstand
K122764,K101951,medlaantaker
K119132,K130459,medlaantaker
K113552,K104213,husstand
K126893,K124386,husstand
K137615,K103824,husstand
K133391,K112859,medlaantaker
K120894,K105161,husstand
K128292,K136294,husstand
K129109,K108040,husstand
K114928,K100494,husstand
K104709,K125819,husstand
K109450,K131116,husstand
K137881,K101397,husstand
K110546,K134428,husstand
K124041,K110693,husstand
K130008,K134579,husstand
K104888,K109579,husstand
K106860,K121566,husstand
K111874,K115644,husstand
K118103,K106266,medlaantaker
K128596,K111468,husstand
K107213,K117068,husstand
K134844,K123187,husstand
K121342,K139339,husstand
K126551,K109515,husstand
K139760,K137415,medlaantaker
K124422,K131579,husstand
K119484,K124770,medlaantaker
K101097,K138517,medlaantaker
K133706,K104777,husstand
K123286,K136466,husstand
K121116,K111091,husstand
K118616,K124164,husstand
K130481,K119401,husstand
K121906,K102007,husstand
K104246,K116034,medlaantaker
K106708,K122127,medlaantaker
K114509,K110702,husstand
K134273,K128096,medlaantaker
K109218,K121823,medlaantaker
K128786,K102628,husstand
K127748,K137583,husstand
K122368,K123452,husstand
K120670,K102991,husstand
K122058,K111533,husstand
K110920,K138603,husstand
K113209,K120216,medlaantaker
K123658,K135450,husstand
K106785,K125730,husstand
K126629,K107587,husstand
K108968,K103019,husstand
K102060,K131514,husstand
K116003,K110191,husstand
K110568,K131754,husstand
K102020,K133820,husstand
K130140,K104804,husstand
K131772,K117232,medlaantaker
K132891,K113249,husstand
K125159,K102981,medlaantaker
K133306,K130454,husstand
K108932,K122094,husstand
K132268,K139866,medlaantaker
K119645,K118520,husstand
K115657,K120147,husstand
K117298,K110271,medlaantaker
K110934,K135232,husstand
K137447,K120628,husstand
K132153,K115529,husstand
K136525,K130296,husstand
K134549,K104005,husstand
K114585,K127490,husstand
K109325,K115075,medlaantaker
K121134,K123460,husstand
K105741,K106932,husstand
K114769,K119619,husstand
K124994,K105711,medlaantaker
K127299,K107389,medlaantaker
K105663,K107977,husstand
K126232,K120116,husstand
K110648,K116414,husstand
K119067,K108994,medlaantaker
K124917,K112088,husstand
K119509,K136420,medlaantaker
K124096,K114484,medlaantaker
K114618,K136505,medlaantaker
K121434,K121857,husstand
K129708,K101874,husstand
K125484,K116954,medlaantaker
K132928,K127080,medlaantaker
K121330,K136644,husstand
K112723,K106639,husstand
K111436,K130819,medlaantaker
K108323,K127863,medlaantaker
K135730,K123407,medlaantaker
K109232,K100806,medlaantaker
K101243,K119778,husstand
K134748,K126735,husstand
K137156,K135078,husstand
K106202,K120232,medlaantaker
K124918,K118250,husstand
K113282,K109628,husstand
K117205,K124559,husstand
K127744,K127335,medlaantaker
K134909,K104943,husstand
K130199,K109168,husstand
K126361,K130773,husstand
K129533,K109693,husstand
K124459,K115967,husstand
K101800,K107341,husstand
K134557,K126139,husstand
K139651,K132446,medlaantaker
K111217,K124982,husstand
K109174,K117105,husstand
K109742,K137306,husstand
K131295,K113848,husstand
K101438,K114169,medlaantaker
K112664,K101294,husstand
K136728,K125531,husstand
K126279,K109774,husstand
K130319,K132972,husstand
K121423,K135772,medlaantaker
K130476,K109185,husstand
K132672,K124796,husstand
K133665,K113366,husstand
K129836,K121024,husstand
K132786,K122835,husstand
K139007,K119027,husstand
K111578,K106914,husstand
K102700,K134442,husstand
K137935,K136370,husstand
K139877,K125192,husstand
K102964,K108437,husstand
K129868,K108485,husstand
K139002,K112243,husstand
K113992,K132809,husstand
K122907,K112589,husstand
K128450,K128015,medlaantaker
K130621,K121543,husstand
K117819,K121924,medlaantaker
K101289,K139408,medlaantaker
K136382,K103604,husstand
K114662,K108577,husstand
K127243,K113242,husstand
K121041,K101425,husstand
K119822,K129331,husstand
K124363,K105348,husstand
K124822,K109931,husstand
K115112,K114001,husstand
K112978,K124295,medlaantaker
K106851,K112300,husstand
K133017,K129702,husstand
K100318,K121849,husstand
K121488,K139389,husstand
K101379,K121520,husstand
K133097,K139893,husstand
K109606,K125243,husstand
K111093,K128187,husstand
K118957,K112503,husstand
K137645,K118607,medlaantaker
K137217,K115596,husstand
K104787,K132289,husstand
K122740,K118072,husstand
K118064,K127279,husstand
K102667,K114352,husstand
K121578,K103543,medlaantaker
K112650,K121360,medlaantaker
K110272,K132757,medlaantaker
K130310,K113454,husstand
K105002,K130295,husstand
K138927,K107488,husstand
K105598,K136654,husstand
K101315,K106492,medlaantaker
K114697,K137386,medlaantaker
K137420,K112470,husstand
K111584,K122398,medlaantaker
K117980,K124999,husstand
K101899,K137472,medlaantaker
K124138,K114053,husstand
K110044,K116793,husstand
K134520,K132199,husstand
K126082,K118874,husstand
K112465,K131439,husstand
K108337,K106868,husstand
K101808,K137194,husstand
K113692,K114035,medlaantaker
K120323,K133409,husstand
K129242,K114249,husstand
K134589,K100014,medlaantaker
K119004,K105023,husstand
K110562,K124397,medlaantaker
K104554,K104032,husstand
K137914,K115608,husstand
K114179,K126590,husstand
K101411,K121814,husstand
K125801,K119793,husstand
K128846,K132392,husstand
K112421,K112694,husstand
K110063,K123901,husstand
K136530,K139337,husstand
K127030,K115960,medlaantaker
K138932,K107535,husstand
K103289,K119591,husstand
K100219,K102912,husstand
K127655,K112382,husstand
K116897,K106312,medlaantaker
K132595,K118445,medlaantaker
K104230,K102273,medlaantaker
K127395,K136818,husstand
K134378,K122594,husstand
K100156,K107390,medlaantaker
K118870,K136559,husstand
K110600,K108350,husstand
K114796,K134377,husstand
K110995,K131911,husstand
K117635,K120662,husstand
K112448,K105344,husstand
K123988,K133559,husstand
K106057,K100910,medlaantaker
K102287,K131804,husstand
K128944,K111324,husstand
K129997,K112615,husstand
K127270,K102266,husstand
K111223,K116981,husstand
K120048,K132211,husstand
K124057,K130172,husstand
K129787,K113888,medlaantaker
K128126,K103416,husstand
K101785,K139116,husstand
K116088,K134040,husstand
K118395,K117883,husstand
K134612,K137299,husstand
K115654,K139996,medlaantaker
K120247,K133641,medlaantaker
K138545,K117292,medlaantaker
K120746,K135320,medlaantaker
K123313,K118506,husstand
K116813,K137804,husstand
K121602,K105926,medlaantaker
K110162,K123796,medlaantaker
K117167,K132888,husstand
K113448,K104993,husstand
K130676,K103580,husstand
K112544,K128127,husstand
K102113,K136352,husstand
K113650,K103117,husstand
K117169,K111211,medlaantaker
K107402,K123446,husstand
K123818,K120826,husstand
K124229,K123558,husstand
K127504,K136473,husstand
K128560,K113205,husstand
K120493,K104144,medlaantaker
K139902,K127303,husstand
K106502,K132692,husstand
K111802,K109407,husstand
K108329,K107198,husstand
K111310,K106042,medlaantaker
K107384,K130421,medlaantaker
K134594,K138068,husstand
K126707,K124614,medlaantaker
K125119,K129516,medlaantaker
K117632,K115507,medlaantaker
K127229,K127224,husstand
K102805,K129023,husstand
K110474,K101252,husstand
K131385,K122192,husstand
K138621,K101329,husstand
K136142,K108123,husstand
K132461,K116257,husstand
K130366,K122527,medlaantaker
K137429,K130743,husstand
K134780,K137205,husstand
K107176,K135406,medlaantaker
K128301,K131949,medlaantaker
K108415,K126030,husstand
K115950,K138936,husstand
K126838,K114601,husstand
K133996,K110415,husstand
K101251,K100118,husstand
K114610,K124458,husstand
K114555,K130636,husstand
K131763,K134266,husstand
K128500,K109059,husstand
K134730,K110359,husstand
K116256,K132806,husstand
K128309,K131845,husstand
K113195,K112440,medlaantaker
K113791,K115918,medlaantaker
K114467,K133707,husstand
K126477,K109965,husstand
K128961,K126009,husstand
K109799,K108312,husstand
K103718,K105067,husstand
K123839,K130050,husstand
K125909,K114887,medlaantaker
K116973,K100067,husstand
K138139,K125240,husstand
K136495,K121057,husstand
K103069,K134906,husstand
K124668,K135190,medlaantaker
K129753,K122681,husstand
K106184,K111955,husstand
K110467,K100022,husstand
K114784,K131159,husstand
K110462,K125975,husstand
K103320,K129825,husstand
K126603,K127115,husstand
K127200,K116656,husstand
K117748,K131267,husstand
K128659,K119805,husstand
K117968,K123648,medlaantaker
K131354,K139001,husstand
K124631,K103994,medlaantaker
K105665,K100656,husstand
K125649,K105692,husstand
K106975,K134874,husstand
K120698,K137878,husstand
K111231,K136736,medlaantaker
K127668,K107787,medlaantaker
K114141,K131324,medlaantaker
K119519,K129014,husstand
K100631,K108054,husstand
K132622,K109839,husstand
K122291,K118613,medlaantaker
K130544,K136640,medlaantaker
K130757,K104472,husstand
K131785,K127444,husstand
K137827,K134339,husstand
K139524,K115936,husstand
K122375,K138766,husstand
K115542,K138431,medlaantaker
K125139,K131111,husstand
K105927,K110905,husstand
K133933,K115469,medlaantaker
K126113,K109942,medlaantaker
K132691,K130887,husstand
K100843,K117497,husstand
K129934,K118663,husstand
K118373,K119049,husstand
K137959,K122620,husstand
K122745,K133404,husstand
K132061,K133862,husstand
K133374,K102774,husstand
K135421,K124716,husstand
K117049,K121922,husstand
K123598,K105286,husstand
K135763,K128224,husstand
K126827,K136963,husstand
K122479,K105976,medlaantaker
K138490,K101429,husstand
K104363,K104726,husstand
K112502,K133000,husstand
K102200,K139686,husstand
K118169,K127342,husstand
K121074,K124341,husstand
K107337,K132788,husstand
K114257,K101632,husstand
K119903,K129146,husstand
K113074,K139910,husstand
K101386,K111028,husstand
K125431,K136777,husstand
K108206,K122657,husstand
K104488,K103694,medlaantaker
K102153,K102410,husstand
K118406,K139224,husstand
K125980,K125073,husstand
K132020,K107394,medlaantaker
K105313,K123246,husstand
K119453,K106684,husstand
K139537,K110683,husstand
K127764,K128012,husstand
K126983,K123855,husstand
K108201,K139926,medlaantaker
K128092,K101591,husstand
K113851,K133261,medlaantaker
K120046,K128707,husstand
K134275,K119543,husstand
K116011,K130813,husstand
K110032,K112677,medlaantaker
K125228,K133257,husstand
K131009,K104705,medlaantaker
K135833,K138885,husstand
K111271,K129082,medlaantaker
K131936,K125497,husstand
K107793,K102099,husstand
K116383,K114915,husstand
K120125,K105035,medlaantaker
K122402,K130298,medlaantaker
K112416,K139819,husstand
K110585,K132799,husstand
K102863,K123384,husstand
K122120,K139985,husstand
K137704,K128808,husstand
K118267,K112631,husstand
K114590,K126672,husstand
K100402,K136694,husstand
K138714,K107392,husstand
K118427,K126123,husstand
K118098,K122190,husstand
K104745,K139962,husstand
K138789,K137886,husstand
K131748,K108361,husstand
K134637,K113565,husstand
K132012,K138869,husstand
K107674,K117204,husstand
K116104,K116355,husstand
K125949,K125045,husstand
K116248,K115975,husstand
K113707,K138287,medlaantaker
K106176,K122010,husstand
K101867,K133051,husstand
K103683,K137747,husstand
K137951,K111493,husstand
K133352,K120621,husstand
K109677,K123519,medlaantaker
K135267,K131521,husstand
K100478,K115211,husstand
K109700,K123406,husstand
K100924,K118469,husstand
K111761,K121529,husstand
K134341,K107649,medlaantaker
K137849,K100746,medlaantaker
K105119,K123806,husstand
K136569,K136760,husstand
K133420,K103779,husstand
K119345,K108532,husstand
K118861,K130737,husstand
K135995,K108253,husstand
K132030,K126305,husstand
K117590,K105680,medlaantaker
K135760,K131057,husstand
K128395,K139258,husstand
K136966,K133290,husstand
K103042,K112278,husstand
K125774,K134194,husstand
K122950,K122423,husstand
K139956,K113098,medlaantaker
K110845,K102827,husstand
K138987,K106170,husstand
K132296,K137163,medlaantaker
K110617,K122317,husstand
K119860,K102840,husstand
K139767,K122861,husstand
K125912,K100243,husstand
K109626,K119325,husstand
K107221,K128328,husstand
K127741,K126900,husstand
K114888,K133956,husstand
K125434,K139013,husstand
K105109,K134450,husstand
K117407,K108755,medlaantaker
K105715,K102397,husstand
K138188,K138328,husstand
K132828,K107143,husstand
K134738,K109222,husstand
K107907,K110444,husstand
K133577,K119010,husstand
K100206,K122338,husstand
K131568,K102941,husstand
K120815,K139699,husstand
K106150,K131815,medlaantaker
K111922,K106053,husstand
K103108,K110088,husstand
K128817,K103932,medlaantaker
K106292,K110252,husstand
K102668,K107222,husstand
K115818,K109447,husstand
K101444,K121071,husstand
K104643,K129447,husstand
K106174,K113248,husstand
K104928,K113172,medlaantaker
K137821,K114362,medlaantaker
K119306,K102070,medlaantaker
K126276,K127073,husstand
K133568,K115113,husstand
K129031,K134759,husstand
K120742,K139888,husstand
K108600,K101389,medlaantaker
K119532,K115373,husstand
K139098,K109370,husstand
K114640,K128925,husstand
K132985,K108461,husstand
K138660,K124828,husstand
K104604,K103404,medlaantaker
K129490,K105624,husstand
K112299,K126810,husstand
K123983,K115925,husstand
K128527,K124875,husstand
K128555,K125379,husstand
K106200,K104410,husstand
K112874,K133674,husstand
K132022,K130505,husstand
K129457,K105698,husstand
K135012,K113040,husstand
K124203,K103620,husstand
K110092,K129503,husstand
K100101,K118512,medlaantaker
K105743,K125804,husstand
K103491,K125838,husstand
K130668,K116189,medlaantaker
K134212,K138796,husstand
K130790,K111534,husstand
K125830,K111569,husstand
K120133,K139217,husstand
K114447,K132419,medlaantaker
K139180,K105697,husstand
K138460,K113083,husstand
K123822,K106947,husstand
K117790,K135645,husstand
K120334,K131336,medlaantaker
K112468,K104831,husstand
K135239,K131501,medlaantaker
K114142,K130469,husstand
K127694,K120680,husstand
K100120,K128507,husstand
K113592,K104922,husstand
K131632,K139822,medlaantaker
K122584,K110046,husstand
K109887,K110326,husstand
K132599,K113070,husstand
K135173,K127730,medlaantaker
K131037,K101439,husstand
K136415,K136419,husstand
K118891,K123306,husstand
K104147,K122955,husstand
K133634,K114923,medlaantaker
K109259,K115921,husstand
K109743,K102393,husstand
K114183,K133960,husstand
K126186,K127689,husstand
K117595,K126674,husstand
K125304,K137445,husstand
K130818,K104510,husstand
K135616,K100150,husstand
K136024,K104132,husstand
K113285,K117625,medlaantaker
K131279,K106618,medlaantaker
K131321,K124299,medlaantaker
K100124,K106978,husstand
K121079,K103434,husstand
K121994,K132021,husstand
K100282,K126806,husstand
K125329,K115421,husstand
K115945,K133898,husstand
K119025,K115490,husstand
K114221,K123199,husstand
K113573,K131847,husstand
K122526,K136830,husstand
K122159,K124233,husstand
K117153,K109518,husstand
K123411,K106971,husstand
K122868,K115290,medlaantaker
K131139,K123631,husstand
K116662,K118099,husstand
K138437,K108539,husstand
K137787,K129279,husstand
K138991,K113054,medlaantaker
K120871,K107585,husstand
K123006,K129600,husstand
K100704,K116678,husstand
K127873,K127522,husstand
K115664,K113665,husstand
K126248,K117664,husstand
K134829,K134204,husstand
K113339,K109621,husstand
K109399,K122055,husstand
K127779,K115806,husstand
K132431,K123577,medlaantaker
K100573,K137778,husstand
K134283,K117373,husstand
K130483,K110545,husstand
K118218,K129051,husstand
K139763,K120425,husstand
K132592,K104166,husstand
K103297,K108938,husstand
K124268,K131493,medlaantaker
K102665,K102015,husstand
K103627,K103980,medlaantaker
K116850,K112405,husstand
K139914,K126355,husstand
K119495,K127317,husstand
K114311,K102327,husstand
K104004,K114611,husstand
K106441,K130423,husstand
K107984,K111708,medlaantaker
K127634,K120210,husstand
K106742,K127620,husstand
K121919,K123692,husstand
K103865,K136083,husstand
K103041,K130986,husstand
K109893,K129376,husstand
K128391,K102649,husstand
K131884,K118214,husstand
K100499,K111240,medlaantaker
K137236,K108161,husstand
K108760,K109038,husstand
K114399,K135080,husstand
K112504,K129558,medlaantaker
K118993,K127575,husstand
K137779,K123289,medlaantaker
K114925,K136297,medlaantaker
K133234,K108404,husstand
K128735,K133438,medlaantaker
K131123,K102911,husstand
K110567,K116745,husstand
K109110,K128533,husstand
K105186,K105798,husstand
K136720,K103270,husstand
K128452,K114145,husstand
K130522,K119978,husstand
K101479,K132634,husstand
K116518,K138294,husstand
K113659,K120901,husstand
K104084,K109067,husstand
K125366,K128485,husstand
K124837,K134396,husstand
K131312,K133531,husstand
K112798,K119555,medlaantaker
K125711,K124236,husstand
K105534,K134303,husstand
K136180,K120804,medlaantaker
K126310,K122761,husstand
K132243,K139078,husstand
K115787,K136064,husstand
K139387,K102320,husstand
K129922,K110196,husstand
K106944,K129350,husstand
K123042,K103559,husstand
K127938,K117469,husstand
K107835,K118268,husstand
K132630,K135119,husstand
K105306,K124683,medlaantaker
K122967,K114465,husstand
K125330,K119891,medlaantaker
K128529,K126114,medlaantaker
K100762,K136846,medlaantaker
K101536,K122911,husstand
K110010,K116934,husstand
K139441,K134429,husstand
K129651,K110107,husstand
K103963,K123103,medlaantaker
K110930,K114544,husstand
K105725,K110900,husstand
K107016,K113833,medlaantaker
K103644,K104951,husstand
K113147,K134831,husstand
K113367,K108738,medlaantaker
K118804,K120035,medlaantaker
K133607,K112832,medlaantaker
K127491,K134424,husstand
K121011,K124066,husstand
K100980,K118153,husstand
K113227,K121929,husstand
K109443,K110740,husstand
K122452,K136516,husstand
K124115,K119226,husstand
K100547,K127651,medlaantaker
K105740,K123889,husstand
K119287,K128832,husstand
K114841,K126054,husstand
K113181,K132315,husstand
K132952,K112900,husstand
K113667,K102688,husstand
K102886,K111461,husstand
K117453,K101313,husstand
K119857,K114613,husstand
K111061,K108371,husstand
K105070,K137541,husstand
K103312,K138298,husstand
K122036,K124818,medlaantaker
K117064,K112592,husstand
K120927,K131654,husstand
K139751,K100920,husstand
K102810,K116689,husstand
K114393,K115127,husstand
K133511,K112559,husstand
K134419,K108127,husstand
K125116,K114776,husstand
K115560,K108717,husstand
K118840,K125918,husstand
K122651,K118323,husstand
K136368,K118129,husstand
K127545,K130979,husstand
K135151,K120968,husstand
K101555,K128568,husstand
K108915,K122893,husstand
K103936,K135154,husstand
K123319,K116058,medlaantaker
K128242,K130327,medlaantaker
K129364,K105612,husstand
K101460,K135593,husstand
K111628,K132213,medlaantaker
K101466,K129768,husstand
K133640,K125373,husstand
K136501,K114738,husstand
K121605,K106854,husstand
K121752,K133564,medlaantaker
K103421,K101542,husstand
K130899,K112075,husstand
K107249,K106710,husstand
K108402,K128608,husstand
K105122,K109786,husstand
K107141,K105787,husstand
K110892,K104509,husstand
K103648,K134587,husstand
K123409,K138223,medlaantaker
K102208,K106285,husstand
K139156,K121094,husstand
K102538,K110641,husstand
K115187,K108314,husstand
K116837,K132951,husstand
K104141,K120108,husstand
K109478,K118276,husstand
K124205,K136842,husstand
K125244,K122566,husstand
K119167,K133774,medlaantaker
K136711,K103744,husstand
K124594,K120975,husstand
K138387,K122486,husstand
K105791,K136887,husstand
K124998,K125148,husstand
K106279,K138212,husstand
K117470,K106356,husstand
K108252,K134299,medlaantaker
K115180,K101738,husstand
K127083,K121481,husstand
K139731,K126685,husstand
K109196,K107859,husstand
K120093,K113165,medlaantaker
K119821,K138974,husstand
K120786,K137589,husstand
K106735,K112593,husstand
K138743,K131727,husstand
K106212,K116141,husstand
K112176,K105396,husstand
K126849,K137676,medlaantaker
K122002,K113302,medlaantaker
K104072,K120208,husstand
K108303,K133118,husstand
K101892,K136054,husstand
K115678,K126563,husstand
K102126,K138630,husstand
K117882,K100160,husstand
K124260,K123722,husstand
K102873,K115503,husstand
K111365,K107504,husstand
K110027,K103251,medlaantaker
K128123,K105121,husstand
K112807,K116051,husstand
K111299,K105299,husstand
K126937,K124825,husstand
K106381,K134035,husstand
K133186,K108138,husstand
K114383,K131747,husstand
K121788,K128543,husstand
K120803,K138290,husstand
K123739,K122976,husstand
K102995,K127426,husstand
K106588,K113012,husstand
K125411,K131080,medlaantaker
K119954,K112363,husstand
K104385,K108016,medlaantaker
K120995,K102937,husstand
K107526,K134646,husstand
K126975,K131230,husstand
K107178,K137454,medlaantaker
K106040,K127898,husstand
K119272,K126129,husstand
K136892,K122910,husstand
K124596,K134794,medlaantaker
K109386,K104595,husstand
K115020,K113046,husstand
K111586,K104599,medlaantaker
K106818,K135297,husstand
K115777,K104115,medlaantaker
K132907,K135350,husstand
K124134,K108782,husstand
K134705,K105979,medlaantaker
K132741,K138765,medlaantaker
K119044,K113864,husstand
K126942,K109233,husstand
K113829,K115294,husstand
K111353,K109994,husstand
K104313,K101312,husstand
K100127,K102035,husstand
K114454,K129891,husstand
K119208,K124042,husstand
K100614,K108887,husstand
K133827,K125608,husstand
K101180,K106393,husstand
K123568,K103525,husstand
K123073,K101485,husstand
K100135,K120196,husstand
K114099,K110923,medlaantaker
K108858,K105343,medlaantaker
K108267,K110509,husstand
K106909,K132620,husstand
K102491,K123448,medlaantaker
K137854,K101961,medlaantaker
K126702,K118619,husstand
K109752,K113916,husstand
K125080,K130857,husstand
K111814,K113055,husstand
K100946,K101341,husstand
K108013,K137337,husstand
K130602,K137961,husstand
K134482,K103341,husstand
K123574,K107798,husstand
K109813,K110578,medlaantaker
K123569,K123463,medlaantaker
K138222,K119570,husstand
K101855,K100822,husstand
K121441,K108113,husstand
K113457,K104352,husstand
K110642,K111042,medlaantaker
K121238,K113267,husstand
K129742,K105987,medlaantaker
K112910,K130433,husstand
K103720,K103383,husstand
K138440,K100070,husstand
K138838,K132079,medlaantaker
K129028,K128905,husstand
K111952,K102574,husstand
K122344,K107359,husstand
K136839,K109122,husstand
K127298,K126285,husstand
K123608,K117641,medlaantaker
K120665,K112181,husstand
K115235,K123271,husstand
K137864,K104557,husstand
K137625,K111330,husstand
K111321,K121346,husstand
K110582,K113847,medlaantaker
K103713,K107360,husstand
K128013,K107197,medlaantaker
K121382,K119255,husstand
K119587,K113813,husstand
K137351,K115191,husstand
K120942,K118135,husstand
K133397,K103014,husstand
K120240,K119068,husstand
K130308,K136154,medlaantaker
K126871,K136224,husstand
K134160,K103946,husstand
K129309,K116314,husstand
K129083,K136302,husstand
K108082,K101090,husstand
K134022,K108988,husstand
K114397,K130532,medlaantaker
K109071,K104261,husstand
K107310,K102578,husstand
K119783,K122551,husstand
K132916,K132949,husstand
K114593,K115474,husstand
K102074,K110583,husstand
K125266,K127983,husstand
K134005,K138601,medlaantaker
K118926,K101426,medlaantaker
K129227,K123981,husstand
K105733,K134039,husstand
K100629,K112659,husstand
K130885,K125184,husstand
K103625,K126314,husstand
K113449,K129394,husstand
K104588,K131104,medlaantaker
K108362,K123635,husstand
K107292,K131265,husstand
K123769,K102796,husstand
K137559,K128276,husstand
K137801,K115748,husstand
K133487,K120286,husstand
K131067,K101055,husstand
K103273,K134715,medlaantaker
K123109,K105340,husstand
K127921,K114450,husstand
K101956,K127643,husstand
K127390,K130219,medlaantaker
K102566,K127125,husstand
K103086,K112820,husstand
K134467,K115425,husstand
K131241,K109265,husstand
K102488,K119214,husstand
K119417,K111038,husstand
K138225,K139681,husstand
K137069,K115163,husstand
K121233,K107658,husstand
K100461,K139669,husstand
K135527,K124500,husstand
K115297,K115083,husstand
K109026,K135057,husstand
K126164,K132259,husstand
K132107,K129565,husstand
K118551,K129520,medlaantaker
K100938,K124462,medlaantaker
K124648,K125996,husstand
K139163,K125066,medlaantaker
K128820,K106967,husstand
K108745,K110825,husstand
K135758,K117988,medlaantaker
K117780,K127839,husstand
K124466,K134523,husstand
K127609,K125871,husstand
K121472,K132515,medlaantaker
K111590,K125029,husstand
K122210,K107623,husstand
K125610,K103895,husstand
K102842,K100576,husstand
K122598,K100249,husstand
K138551,K120360,husstand
K132697,K113761,medlaantaker
K118326,K102934,husstand
K132768,K103645,husstand
K132911,K121269,husstand
K119367,K104544,medlaantaker
K118961,K117008,husstand
K110430,K110280,husstand
K124068,K112286,husstand
K131675,K115439,husstand
K127975,K130283,husstand
K127492,K117992,husstand
K133757,K138169,husstand
K127489,K115016,medlaantaker
K138098,K103095,husstand
K103968,K117315,medlaantaker
K132137,K117464,medlaantaker
K118528,K136740,husstand
K123990,K124627,husstand
K139075,K110478,husstand
K128570,K136593,husstand
K126486,K137062,husstand
K125483,K116650,husstand
K100476,K118688,medlaantaker
K121253,K111634,medlaantaker
K104766,K136982,husstand
K131485,K130448,husstand
K119300,K131855,husstand
K121305,K114338,husstand
K114309,K125195,husstand
K136722,K136214,husstand
K133424,K106551,husstand
K107880,K119993,husstand
K107601,K126214,husstand
K132329,K123127,husstand
K139029,K119362,medlaantaker
K118966,K139957,husstand
K104109,K115718,medlaantaker
K113177,K100446,husstand
K126823,K118078,husstand
K127281,K116116,husstand
K119376,K112785,husstand
K114786,K123705,husstand
K120251,K126745,husstand
K129567,K104607,husstand
K137304,K133171,husstand
K117013,K110391,husstand
K124864,K110765,husstand
K118950,K127972,medlaantaker
K129961,K104409,husstand
K137288,K104868,husstand
K128393,K118519,medlaantaker
K112302,K138706,husstand
K133878,K126522,husstand
K106999,K104350,husstand
K139705,K130772,husstand
K110663,K124604,medlaantaker
K128574,K108151,husstand
K103814,K110593,husstand
K138891,K136598,medlaantaker
K138950,K111734,husstand
K119794,K139399,husstand
K130344,K102880,medlaantaker
K112284,K139391,husstand
K138484,K134083,husstand
K105235,K123974,husstand
K112739,K139401,medlaantaker
K115125,K137740,husstand
K113193,K119234,husstand
K134879,K126396,husstand
K120302,K128595,husstand
K114220,K129132,husstand
K137451,K128906,husstand
K105221,K116804,husstand
K121485,K112494,medlaantaker
K103252,K133502,husstand
K105878,K113081,husstand
K115292,K102123,husstand
K106258,K131659,husstand
K105477,K136876,husstand
K130906,K115573,husstand
K128826,K119037,husstand
K129531,K134830,husstand
K111142,K101198,husstand
K131749,K124192,husstand
K126939,K103335,husstand
K127721,K136215,husstand
K103623,K116437,husstand
K113369,K101158,medlaantaker
K118124,K137912,husstand
K131132,K125739,husstand
K102464,K138479,husstand
K131150,K104967,husstand
K134913,K107224,husstand
K108118,K137596,husstand
K102191,K132338,husstand
K115017,K109348,husstand
K134627,K138784,husstand
K112390,K110503,husstand
K138368,K137406,husstand
K138760,K109939,medlaantaker
K105902,K105503,medlaantaker
K138374,K105025,husstand
K119305,K109806,husstand
K127474,K114132,husstand
K128212,K116031,husstand
K122477,K106976,husstand
K113102,K135765,husstand
K133237,K104630,husstand
K111297,K130306,husstand
K113226,K134533,husstand
K131140,K105443,husstand
K125198,K134519,husstand
K101126,K115052,husstand
K124805,K100036,husstand
K115758,K108797,medlaantaker
K119171,K137936,husstand
K117274,K105788,husstand
K120924,K133509,medlaantaker
K101897,K122171,husstand
K139577,K102148,husstand
K110037,K128337,husstand
K138568,K111896,medlaantaker
K138788,K105041,husstand
K114875,K102053,husstand
K130614,K139675,husstand
K136578,K127383,husstand
K111624,K115328,husstand
K114231,K132491,medlaantaker
K125815,K123159,medlaantaker
K135738,K112290,husstand
K113477,K107456,husstand
K136889,K108157,husstand
K117229,K122060,husstand
K102334,K139476,husstand
K123987,K134349,husstand
K117671,K131506,medlaantaker
K122238,K117708,husstand
K123559,K136367,husstand
K132495,K107730,husstand
K106108,K110723,husstand
K109439,K128434,husstand
K105215,K128621,husstand
K134389,K121031,husstand
K139842,K125113,husstand
K103530,K132466,husstand
K100028,K127641,medlaantaker
K114324,K107708,husstand
K111568,K101530,husstand
K137399,K114143,husstand
K112458,K132586,husstand
K130690,K104757,husstand
K134414,K125618,husstand
K122588,K120643,husstand
K135381,K106522,husstand
K135753,K135834,husstand
K135468,K107939,husstand
K135424,K112234,husstand
K101335,K115201,husstand
K131920,K109240,husstand
K117543,K133547,husstand
K124473,K111119,husstand
K116853,K139004,husstand
K100533,K138349,husstand
K113998,K130908,medlaantaker
K109596,K118023,husstand
K117022,K123266,husstand
K119133,K127182,husstand
K121682,K139775,husstand
K129248,K134462,medlaantaker
K104498,K105493,husstand
K122276,K126497,medlaantaker
K135378,K139261,husstand
K123714,K126150,husstand
K135077,K136615,husstand
K116593,K121230,medlaantaker
K138166,K128211,husstand
K126028,K135878,medlaantaker
K139122,K135660,husstand
K124377,K101770,husstand
K127673,K139369,husstand
K137757,K106138,medlaantaker
K116157,K106867,husstand
K110627,K106873,husstand
K112258,K120885,husstand
K117807,K132849,husstand
K107588,K123535,husstand
K106937,K132775,husstand
K117588,K121712,husstand
K117933,K130359,husstand
K113699,K116358,husstand
K114557,K130444,husstand
K100054,K120407,medlaantaker
K118633,K134416,medlaantaker
K111301,K131462,husstand
K135437,K111405,husstand
K111897,K121211,medlaantaker
K127631,K113768,husstand
K139658,K134799,husstand
K101759,K109944,medlaantaker
K102160,K106758,husstand
K128189,K125260,medlaantaker
K122201,K107765,husstand
K125595,K122559,medlaantaker
K131644,K138893,husstand
K105627,K135573,medlaantaker
K103362,K127956,husstand
K111784,K100153,husstand
K139038,K129475,husstand
K117792,K126014,husstand
K118301,K102195,husstand
K103082,K130032,husstand
K132673,K125151,husstand
K109630,K118648,husstand
K119464,K131303,husstand
K102864,K113561,medlaantaker
K137397,K121667,husstand
K119271,K135675,husstand
K107503,K134369,medlaantaker
K133865,K102318,husstand
K106475,K112710,husstand
K118514,K102207,medlaantaker
K132971,K122319,husstand
K120404,K105467,husstand
K125092,K128458,husstand
K127521,K137830,husstand
K128465,K118772,medlaantaker
K117528,K117946,medlaantaker
K108715,K113575,husstand
K130006,K112220,husstand
K113782,K120301,medlaantaker
K101007,K119299,husstand
K129725,K134434,husstand
K120852,K135092,husstand
K112280,K110373,medlaantaker
K131565,K134224,husstand
K114856,K109374,husstand
K121615,K129637,husstand
K113029,K113051,husstand
K131184,K102186,husstand
K126993,K111033,husstand
K117448,K117955,husstand
K108694,K100742,husstand
K108302,K137592,husstand
K129659,K129334,husstand
K121837,K106866,husstand
K139397,K137732,husstand
K127394,K122411,husstand
K134500,K115045,medlaantaker
K105646,K124622,husstand
K123935,K134451,husstand
K113032,K128411,husstand
K113779,K115152,husstand
K105175,K118568,medlaantaker
K111810,K101382,husstand
K121237,K109583,husstand
K122783,K100645,husstand
K109103,K121414,husstand
K105448,K105163,husstand
K128085,K133660,husstand
K103276,K133423,medlaantaker
K119547,K100171,husstand
K100729,K103807,husstand
K136633,K121461,medlaantaker
K130149,K119101,husstand
K121541,K137264,medlaantaker
K138586,K122769,husstand
K132460,K136421,husstand
K105850,K101537,husstand
K132645,K110947,husstand
K131261,K137537,husstand
K130266,K100589,husstand
K121729,K104146,husstand
K138907,K127798,medlaantaker
K122247,K121670,husstand
K104345,K135382,husstand
K113581,K123757,husstand
K131204,K129979,husstand
K112521,K122017,medlaantaker
K135583,K137040,medlaantaker
K130721,K114792,medlaantaker
K120230,K110394,medlaantaker
K129252,K129463,husstand
K132337,K116544,husstand
K124618,K131930,husstand
K105833,K124876,husstand
K113033,K126513,husstand
K103100,K106321,husstand
K111143,K101634,husstand
K132749,K132128,husstand
K131252,K125901,husstand
K105423,K108341,husstand
K127861,K107806,husstand
K126446,K114009,husstand
K116929,K100344,husstand
K116305,K106986,husstand
K130884,K139032,husstand
K137213,K108643,husstand
K108596,K117162,medlaantaker
K115340,K125056,medlaantaker
K125914,K136401,husstand
K106923,K120084,husstand
K112873,K108172,husstand
K139166,K125065,husstand
K139955,K109631,husstand
K114063,K110498,medlaantaker
K124803,K112219,husstand
K123913,K132743,husstand
K110842,K131838,husstand
K122379,K136130,husstand
K137930,K124022,husstand
K130411,K111372,husstand
K108531,K124554,husstand
K133622,K127123,medlaantaker
K136582,K123854,husstand
K103890,K111417,husstand
K109531,K136926,husstand
K131330,K127887,husstand
K121092,K104406,husstand
K103484,K125155,husstand
K105549,K100808,husstand
K112384,K111756,husstand
K121281,K112718,medlaantaker
K128763,K100761,medlaantaker
K121447,K101049,husstand
K128229,K113938,husstand
K124541,K103242,husstand
K116210,K101682,husstand
K133304,K110407,husstand
K111772,K110321,husstand
K112007,K129700,husstand
K137165,K118113,husstand
K124671,K113167,husstand
K115563,K105773,medlaantaker
K111764,K104941,husstand
K132902,K118902,medlaantaker
K126313,K118717,husstand
K113738,K104791,husstand
K122689,K109392,medlaantaker
K139132,K115337,husstand
K115672,K109263,husstand
K122219,K138778,husstand
K123794,K138277,husstand
K117083,K112753,husstand
K118337,K105978,husstand
K116032,K117356,husstand
K138120,K125749,husstand
K112457,K124669,husstand
K119198,K100626,husstand
K135853,K128162,husstand
K132772,K121954,husstand
K130907,K137224,husstand
K103300,K101081,husstand
K125276,K128803,husstand
K119050,K107583,husstand
K110121,K137106,husstand
K128616,K135619,husstand
K112376,K137374,husstand
K124514,K114092,husstand
K135984,K130132,husstand
K136716,K126798,husstand
K137210,K123294,husstand
K122076,K137763,husstand
K107309,K107848,husstand
K138245,K124445,husstand
K101005,K126894,husstand
K132017,K115122,medlaantaker
K138422,K139292,husstand
K123122,K115418,husstand
K122638,K103661,husstand
K117743,K130555,husstand
K138829,K119099,husstand
K132418,K139231,medlaantaker
K122184,K137428,husstand
K135376,K124028,husstand
K111083,K138194,husstand
K106759,K137074,husstand
K100856,K138966,husstand
K108344,K101378,husstand
K119113,K126973,husstand
K119144,K129818,husstand
K126764,K127763,husstand
K132656,K120090,medlaantaker
K131851,K134260,medlaantaker
K106241,K117399,husstand
K102534,K135065,husstand
K124652,K101314,husstand
K103008,K107593,medlaantaker
K134486,K112320,husstand
K116402,K113435,medlaantaker
K115910,K117811,husstand
K121159,K131390,husstand
K116622,K100941,medlaantaker
K101029,K126967,husstand
K133003,K101002,husstand
K110322,K120780,husstand
K136017,K117674,husstand
K113244,K116077,husstand
K105891,K121936,husstand
K103368,K113289,husstand
K107906,K104380,husstand
K110402,K100955,husstand
K101620,K118156,husstand
K102402,K129002,husstand
K132081,K117960,husstand
K115896,K136745,husstand
K114187,K102892,husstand
K106147,K136970,husstand
K111640,K112791,medlaantaker
K120209,K117678,husstand
K134086,K135217,husstand
K126277,K111918,husstand
K125171,K120973,medlaantaker
K101047,K123420,medlaantaker
K126079,K120838,husstand
K113009,K139323,husstand
K129349,K121774,husstand
K113543,K125562,husstand
K113872,K127294,medlaantaker
K130988,K128215,husstand
K115557,K113321,husstand
K118199,K103199,husstand
K121768,K130633,husstand
K128642,K121212,husstand
K128190,K116298,husstand
K131991,K137711,medlaantaker
K116894,K103616,medlaantaker
K116362,K132933,medlaantaker
K117355,K101992,husstand
K130012,K124724,husstand
K116753,K111393,husstand
K125001,K111535,husstand
K101778,K119407,husstand
K123331,K111991,husstand
K121613,K114847,husstand
K124398,K101354,husstand
K116526,K137014,husstand
K109268,K111136,husstand
K109765,K117003,husstand
K106899,K126747,medlaantaker
K106804,K129148,medlaantaker
K114478,K126594,husstand
K134343,K122207,husstand
K113149,K103572,husstand
K103319,K111660,medlaantaker
K108047,K137339,medlaantaker
K112915,K106822,medlaantaker
K118449,K139340,medlaantaker
K102694,K107263,husstand
K121106,K111203,husstand
K124508,K124762,husstand
K106148,K134046,husstand
K118606,K136430,husstand
K103372,K112291,husstand
K134814,K129674,husstand
K133771,K123001,husstand
K109960,K134103,medlaantaker
K103524,K134901,husstand
K115393,K102818,husstand
K106143,K139507,husstand
K126555,K109696,husstand
K129851,K126205,husstand
K136086,K137746,husstand
K125687,K109403,medlaantaker
K111870,K108010,husstand
K115346,K136098,husstand
K118565,K113710,medlaantaker
K122458,K123053,husstand
K124275,K132563,husstand
K115939,K133218,husstand
K112264,K119772,medlaantaker
K127288,K136647,husstand
K110690,K139265,medlaantaker
K110581,K128700,husstand
K137742,K115938,husstand
K123079,K105478,husstand
K124126,K115962,husstand
K119675,K116922,medlaantaker
K102801,K109995,husstand
K128451,K112522,husstand
K131091,K103802,husstand
K133930,K136184,husstand
K129203,K109624,husstand
K115692,K127196,husstand
K136303,K139363,husstand
K135996,K109385,husstand
K118217,K127700,medlaantaker
K136116,K113039,medlaantaker
K119490,K124573,husstand
K118722,K103725,husstand
K129802,K116513,medlaantaker
K120550,K132167,husstand
K123290,K125492,husstand
K100925,K109108,husstand
K131956,K125456,husstand
K127496,K136509,husstand
K127503,K108522,medlaantaker
K121100,K109053,husstand
K126870,K107248,husstand
K129485,K126238,husstand
K113523,K133961,husstand
K125814,K130080,husstand
K131074,K118846,medlaantaker
K109271,K128299,husstand
K123121,K127851,husstand
K100147,K124511,husstand
K125401,K116801,medlaantaker
K121205,K123474,medlaantaker
K123035,K122333,husstand
K117165,K136351,medlaantaker
K110047,K100884,husstand
K100860,K137674,husstand
K124391,K106219,husstand
K108550,K117472,medlaantaker
K107243,K116665,husstand
K110366,K128938,husstand
K114990,K119748,husstand
K110468,K104058,husstand
K123115,K105330,husstand
K122018,K126073,husstand
K112993,K133484,medlaantaker
K114445,K126169,medlaantaker
K139157,K117839,medlaantaker
K137289,K115451,husstand
K102003,K131767,husstand
K128186,K102424,husstand
K100772,K132777,husstand
K113143,K130253,husstand
K123128,K131189,husstand
K122267,K115064,husstand
K137146,K131079,husstand
K129147,K125953,husstand
K129745,K127130,husstand
K120684,K122093,medlaantaker
K126414,K128265,husstand
K129407,K100456,husstand
K115311,K100909,husstand
K103586,K130644,husstand
K123752,K136160,husstand
K131075,K113521,husstand
K112936,K113035,husstand
K134011,K109358,husstand
K114576,K137960,husstand
K120738,K127350,husstand
K126766,K115713,husstand
K125676,K131350,medlaantaker
K134471,K103303,husstand
K108197,K133268,medlaantaker
K125439,K124579,husstand
K129616,K133744,husstand
K101893,K108406,husstand
K112527,K112297,husstand
K137102,K104161,husstand
K132262,K125068,medlaantaker
K116971,K125865,husstand
K135419,K103990,husstand
K112715,K133294,husstand
K112355,K104372,husstand
K100207,K128159,husstand
K132773,K103911,husstand
K102573,K107703,husstand
K126162,K101140,husstand
K124526,K111721,husstand
K127441,K108827,husstand
K112431,K130528,husstand
K111216,K102420,husstand
K118727,K133439,husstand
K129935,K135140,husstand
K114549,K105214,husstand
K127818,K107118,medlaantaker
K123952,K121015,husstand
K136126,K130184,medlaantaker
K112129,K115249,husstand
K133259,K115037,husstand
K131995,K108101,husstand
K109303,K120254,husstand
K136186,K126616,husstand
K117766,K104117,husstand
K101712,K126715,medlaantaker
K110897,K136202,husstand
K100329,K112790,medlaantaker
K129581,K128145,husstand
K133514,K125268,medlaantaker
K125546,K117889,medlaantaker
K100567,K100935,husstand
K125607,K114946,husstand
K112658,K127836,husstand
K130814,K106679,husstand
K138884,K111465,husstand
K128987,K137964,medlaantaker
K104691,K100774,husstand
K124523,K101208,husstand
K120911,K134887,husstand
K112123,K138319,husstand
K138967,K134514,husstand
K114215,K115828,husstand
K110542,K128995,husstand
K124624,K101500,husstand
K123346,K121813,husstand
K112325,K102771,husstand
K100633,K120012,husstand
K107107,K102382,husstand
K122779,K126189,husstand
K130654,K102331,husstand
K119971,K136395,medlaantaker
K109857,K131376,husstand
K121002,K132555,husstand
K134512,K135579,husstand
K101213,K106165,husstand
K123305,K106259,medlaantaker
K128633,K121596,husstand
K131231,K101573,husstand
K128573,K106411,husstand
K139634,K130932,husstand
K121081,K109190,husstand
K108948,K104437,medlaantaker
K105924,K132207,husstand
K136044,K130104,husstand
K139240,K124701,husstand
K101846,K138115,husstand
K134241,K138772,husstand
K126071,K137687,husstand
K132765,K111658,husstand
K139079,K127984,husstand
K112891,K115599,husstand
K120260,K120498,husstand
K139260,K122804,medlaantaker
K128685,K136962,husstand
K131496,K134546,husstand
K123560,K100408,husstand
K104678,K131860,husstand
K130157,K131372,husstand
K115092,K138576,husstand
K120060,K109889,husstand
K137521,K128499,husstand
K135823,K131752,husstand
K102097,K101831,husstand
K122878,K114763,husstand
K115049,K113996,husstand
K114409,K137622,medlaantaker
K111892,K114075,husstand
K105594,K105331,husstand
K104113,K117062,husstand
K117136,K117801,husstand
K123296,K107820,husstand
K129271,K120088,medlaantaker
K110830,K131248,husstand
K102270,K116611,husstand
K137841,K131928,medlaantaker
K105029,K132412,husstand
K104341,K109917,husstand
K111513,K111796,husstand
K108990,K137569,husstand
K103565,K113254,husstand
K116023,K112708,medlaantaker
K123158,K102409,husstand
K108525,K136048,husstand
K112199,K136348,husstand
K101086,K135724,husstand
K128280,K136544,husstand
K114526,K123069,husstand
K122996,K135087,husstand
K135096,K117400,husstand
K116020,K103272,husstand
K122325,K109947,husstand
K124814,K121831,husstand
K124743,K122442,husstand
K121093,K106128,husstand
K124954,K104634,husstand
K130573,K106080,husstand
K132250,K125262,medlaantaker
K135679,K112380,husstand
K114256,K110129,husstand
K122414,K137656,husstand
K101941,K108500,husstand
K133990,K139661,husstand
K138079,K134074,husstand
K135481,K108879,husstand
K113378,K107258,husstand
K100616,K123768,husstand
K123597,K117760,medlaantaker
K128677,K133100,medlaantaker
K135974,K125511,husstand
K104659,K107932,husstand
K139023,K110846,husstand
K113002,K110963,husstand
K125096,K118781,husstand
K134556,K125440,husstand
K135485,K126419,husstand
K138372,K105053,husstand
K108489,K100085,medlaantaker
K134391,K128960,husstand
K107607,K125506,husstand
K133347,K114116,medlaantaker
K117697,K103257,husstand
K107461,K124355,husstand
K139308,K103339,husstand
K102226,K105762,husstand
K137981,K139215,medlaantaker
K125867,K105223,husstand
K120462,K119249,husstand
K132695,K134625,husstand
K117319,K101604,husstand
K114121,K116573,husstand
K126484,K139014,husstand
K120350,K103065,husstand
K116845,K103386,medlaantaker
K132522,K114066,husstand
K114373,K118246,medlaantaker
K116855,K101064,husstand
K109300,K107551,husstand
K116330,K133770,husstand
K130143,K127367,husstand
K129952,K106373,husstand
K108602,K135505,husstand
K109183,K127191,husstand
K111360,K124444,husstand
K139628,K123222,husstand
K108843,K102090,husstand
K136231,K133696,husstand
K131907,K135793,medlaantaker
K103626,K129585,husstand
K102223,K126043,husstand
K102429,K134359,husstand
K104545,K111452,medlaantaker
K105137,K118790,medlaantaker
K110119,K120319,husstand
K122827,K108070,husstand
K109557,K116580,husstand
K119666,K137721,husstand
K106376,K124657,medlaantaker
K107023,K122464,husstand
K136283,K110551,medlaantaker
K100700,K136917,medlaantaker
K109613,K139119,husstand
K131497,K115550,husstand
K109949,K130875,husstand
K135629,K107655,husstand
K102451,K108551,husstand
K126106,K123244,husstand
K129166,K104300,husstand
K134736,K130187,husstand
K137654,K130345,medlaantaker
K107428,K112362,husstand
K120528,K132191,husstand
K136436,K129409,medlaantaker
K126203,K117476,husstand
K105837,K133305,husstand
K131114,K118729,husstand
K108423,K109356,husstand
K108973,K110349,medlaantaker
K131609,K108348,husstand
K135103,K138620,husstand
K112332,K136476,husstand
K125478,K135566,husstand
K130905,K102405,husstand
K132035,K125870,husstand
K129154,K135769,medlaantaker
K106575,K122327,husstand
K126057,K119334,husstand
K103137,K112025,husstand
K116501,K139911,husstand
K126235,K124231,husstand
K120976,K117142,husstand
K122187,K130975,husstand
K128918,K108219,husstand
K100558,K101094,husstand
K111540,K120673,husstand
K136807,K130891,husstand
K108752,K108781,husstand
K111908,K119084,husstand
K100128,K111803,husstand
K132643,K135861,husstand
K127904,K138874,husstand
K101833,K128195,husstand
K138883,K103813,husstand
K131479,K122643,husstand
K127515,K120430,husstand
K114197,K119263,medlaantaker
K123487,K134974,husstand
K118002,K116264,medlaantaker
K136059,K119538,husstand
K114646,K103377,husstand
K115800,K125567,husstand
K101404,K105389,medlaantaker
K101788,K102225,husstand
K117318,K115744,husstand
K100835,K104017,husstand
K102500,K109055,husstand
K120386,K126280,medlaantaker
K119636,K102170,husstand
K105267,K123531,husstand
K105986,K112203,husstand
K113286,K138103,medlaantaker
K112024,K112944,husstand
K111440,K123019,husstand
K127111,K137467,husstand
K125409,K131117,husstand
K116597,K121054,husstand
K117127,K117873,husstand
K125714,K123756,husstand
K119451,K102179,medlaantaker
K122270,K105532,husstand
K117859,K116792,husstand
K117495,K132071,husstand
K100775,K126673,husstand
K131135,K119428,husstand
K108129,K132612,husstand
K130800,K101258,husstand
K116070,K137535,husstand
K130696,K137097,husstand
K139252,K107470,husstand
K133623,K116993,husstand
K105970,K114972,husstand
K117552,K100026,husstand
K107937,K127722,husstand
K138543,K117414,medlaantaker
K110513,K131768,husstand
K127430,K102442,husstand
K105249,K114058,husstand
K105044,K120614,husstand
K117297,K104148,medlaantaker
K101117,K103054,husstand
K101991,K128472,husstand
K136058,K112172,husstand
K114866,K126342,husstand
K132875,K138492,husstand
K122299,K137926,husstand
K134302,K133229,husstand
K111868,K118949,husstand
K122489,K102644,medlaantaker
K129947,K108256,husstand
K124121,K131449,medlaantaker
K103563,K102977,husstand
K123896,K128865,medlaantaker
K112151,K124455,husstand
K117302,K103457,husstand
K110342,K109195,husstand
K107986,K138363,husstand
K100234,K119898,husstand
K124390,K123541,medlaantaker
K123431,K133991,husstand
K137525,K121466,husstand
K118404,K120607,husstand
K116976,K116320,medlaantaker
K118018,K107807,husstand
K109598,K124742,husstand
K104078,K124438,medlaantaker
K128137,K129812,husstand
K137047,K107706,husstand
K114795,K134263,husstand
K132557,K126691,husstand
K104355,K105146,husstand
K120113,K105397,medlaantaker
K120273,K105895,husstand
K127812,K116382,husstand
K113163,K102372,husstand
K131381,K131323,husstand
K107238,K107533,husstand
K137505,K139548,husstand
K104500,K105506,husstand
K137436,K134271,husstand
K129419,K134722,husstand
K122727,K138505,husstand
K124646,K119426,husstand
K139483,K133764,husstand
K102546,K136671,husstand
K132508,K101736,husstand
K124897,K127737,husstand
K110717,K109820,husstand
K115696,K127993,husstand
K137305,K110606,husstand
K132588,K101666,husstand
K116441,K131126,husstand
K126452,K125893,husstand
K121154,K112857,husstand
K134254,K111129,husstand
K119052,K139305,husstand
K126354,K104619,husstand
K120239,K112100,medlaantaker
K129335,K105084,husstand
K126372,K129918,husstand
K117564,K121209,medlaantaker
K119638,K112892,husstand
K122061,K105640,husstand
K110156,K100681,husstand
K127372,K127799,husstand
K106117,K132045,medlaantaker
K117437,K119269,medlaantaker
K123570,K116627,medlaantaker
K105738,K131517,husstand
K134337,K102227,husstand
K119330,K118509,husstand
K139745,K124078,husstand
K138155,K135279,husstand
K115032,K117887,husstand
K107030,K131888,husstand
K104616,K123370,husstand
K112147,K138134,husstand
K139334,K127880,medlaantaker
K135040,K137312,husstand
K110057,K115386,husstand
K138640,K125733,husstand
K125979,K114826,medlaantaker
K125405,K132535,husstand
K111475,K115454,husstand
K102550,K130146,husstand
K127923,K105720,medlaantaker
K119863,K130352,husstand
K115899,K103986,husstand
K114423,K109866,medlaantaker
K109620,K112066,husstand
K136978,K135786,husstand
K109456,K112301,medlaantaker
K129024,K123772,husstand
K118460,K137587,husstand
K105912,K119699,husstand
K100231,K101975,husstand
K120222,K101601,husstand
K102595,K101227,husstand
K102427,K127252,husstand
K134645,K138649,husstand
K130890,K126121,husstand
K139286,K121812,husstand
K103265,K129176,husstand
K123709,K105592,husstand
K129876,K124584,husstand
K120765,K138392,husstand
K115136,K119824,medlaantaker
K132880,K116642,husstand
K104508,K109961,husstand
K121586,K117912,medlaantaker
K129975,K104493,husstand
K127932,K132948,medlaantaker
K124564,K117910,medlaantaker
K116587,K114470,husstand
K111085,K128514,medlaantaker
K102197,K139033,husstand
K117335,K139432,husstand
K121704,K116900,husstand
K101274,K138041,husstand
K137522,K120603,medlaantaker
K114881,K113520,husstand
K107491,K126483,husstand
K128390,K103464,medlaantaker
K135871,K129042,husstand
K106387,K117890,husstand
K125866,K121489,husstand
K129236,K131997,husstand
K122154,K124955,husstand
K121951,K130870,husstand
K120460,K108798,husstand
K130998,K114365,medlaantaker
K108476,K109694,husstand
K105375,K121347,husstand
K122803,K137765,husstand
K114089,K114091,husstand
K112811,K131440,husstand
K110511,K136411,husstand
K130847,K115034,husstand
K138487,K119224,husstand
K103275,K138554,husstand
K115625,K112582,husstand
K136939,K130243,husstand
K134603,K134877,husstand
K107845,K104007,husstand
K120297,K137725,medlaantaker
K122553,K130482,medlaantaker
K129743,K100630,husstand
K107819,K122662,husstand
K106716,K125895,husstand
K124703,K114459,husstand
K135394,K120845,husstand
K135470,K126386,husstand
